id,latitude,longitude,brightness,bright_t31,acq_date,acq_time,frp,confidence,confidence_normalized,daynight,satellite,instrument,stream_type,state,region_code,in_industrial_zone,distance_to_industry_meters,nearest_facility_name,nearest_facility_type,osm_id,spatial_context,proximity_risk_factor,cluster_id,persistence_ratio,active_days_count,total_window_days,is_anomaly_spike,thermal_contrast,label,label_name,label_source,label_confidence,label_date,source_reference,reviewer,review_notes,risk_score,risk_level,incident_classification,action_code
6,21.6834,72.5692,342.3,296.8,2026-08-22,0800,11.8,nominal,0.6,D,N,VIIRS,historical,Gujarat,WEST_GUJARAT,True,0.0,Reliance Industries Ltd. Dahej Plant,general_industry,way/116807431,INSIDE_INDUSTRIAL_ZONE,1.0,CLUSTER_002,0.062,3,48,False,45.5,,UNLABELED,UNVERIFIED,,,,,,51.92,MODERATE,RECURRING_INTERMITTENT_HEAT,ROUTINE_MONITORING
7,21.6839,72.5695,345.1,297.4,2026-08-23,0845,12.5,nominal,0.6,D,N,VIIRS,historical,Gujarat,WEST_GUJARAT,True,0.0,Reliance Industries Ltd. Dahej Plant,general_industry,way/116807431,INSIDE_INDUSTRIAL_ZONE,1.0,CLUSTER_002,0.062,3,48,False,47.700000000000045,,UNLABELED,UNVERIFIED,,,,,,51.92,MODERATE,RECURRING_INTERMITTENT_HEAT,ROUTINE_MONITORING
8,21.6836,72.569,344.8,297.0,2026-08-24,0820,12.1,nominal,0.6,D,N,VIIRS,historical,Gujarat,WEST_GUJARAT,True,0.0,Reliance Industries Ltd. Dahej Plant,general_industry,way/116807431,INSIDE_INDUSTRIAL_ZONE,1.0,CLUSTER_002,0.062,3,48,False,47.80000000000001,,UNLABELED,UNVERIFIED,,,,,,51.92,MODERATE,RECURRING_INTERMITTENT_HEAT,ROUTINE_MONITORING
9,21.1685,72.6954,375.4,310.2,2026-08-24,0820,68.4,high,0.9,D,N,VIIRS,historical,Gujarat,WEST_GUJARAT,False,110.7,Hazira Heavy Industrial & Steel Complex,steel_and_heavy_industry,national_hazira_heavy_industr,NEARBY_INDUSTRIAL_BUFFER,0.8,CLUSTER_003,0.021,1,48,True,65.19999999999999,,UNLABELED,UNVERIFIED,,,,,,93.16,CRITICAL,INDUSTRIAL_FIRE_OUTBREAK,EMERGENCY_DISPATCH
10,21.1691,72.696,388.9,318.6,2026-08-24,2045,92.7,high,0.9,N,N,VIIRS,historical,Gujarat,WEST_GUJARAT,False,141.5,Unnamed Industrial Facility,general_industry,way/104647204,NEARBY_INDUSTRIAL_BUFFER,0.8,CLUSTER_003,0.021,1,48,True,70.29999999999995,,UNLABELED,UNVERIFIED,,,,,,93.16,CRITICAL,INDUSTRIAL_FIRE_OUTBREAK,EMERGENCY_DISPATCH
11,23.8512,71.2145,335.2,294.0,2026-08-23,0845,5.6,nominal,0.6,D,N,VIIRS,historical,Gujarat,WEST_GUJARAT,False,39256.1,Unnamed Industrial Facility,general_industry,way/984065809,NON_INDUSTRIAL_RURAL,0.1,CLUSTER_004,0.021,1,48,False,41.19999999999999,,UNLABELED,UNVERIFIED,,,,,,20.43,LOW,NON_INDUSTRIAL_RURAL,BACKGROUND_LOG
12,23.859,71.228,332.8,293.1,2026-08-24,0820,4.2,low,0.2,D,N,VIIRS,historical,Gujarat,WEST_GUJARAT,False,38566.6,Unnamed Industrial Facility,general_industry,way/984065809,NON_INDUSTRIAL_RURAL,0.1,CLUSTER_005,0.021,1,48,False,39.69999999999999,,UNLABELED,UNVERIFIED,,,,,,19.77,LOW,NON_INDUSTRIAL_RURAL,BACKGROUND_LOG
13,22.312,73.1812,341.0,295.5,2026-08-21,0815,8.7,nominal,0.6,D,N,VIIRS,historical,Gujarat,WEST_GUJARAT,False,724.6,Food Storage Depot,depot,way/1530442730,NEARBY_INDUSTRIAL_BUFFER,0.8,CLUSTER_006,0.062,3,48,False,45.5,,UNLABELED,UNVERIFIED,,,,,,35.32,MODERATE,RECURRING_INTERMITTENT_HEAT,ROUTINE_MONITORING
14,22.3125,73.1818,343.4,296.2,2026-08-22,0800,9.4,nominal,0.6,D,N,VIIRS,historical,Gujarat,WEST_GUJARAT,False,650.8,Unnamed Industrial Facility,storage_tank,way/719056984,NEARBY_INDUSTRIAL_BUFFER,0.8,CLUSTER_006,0.062,3,48,False,47.19999999999999,,UNLABELED,UNVERIFIED,,,,,,35.32,MODERATE,RECURRING_INTERMITTENT_HEAT,ROUTINE_MONITORING
15,22.3122,73.1815,342.9,295.8,2026-08-23,0845,9.0,nominal,0.6,D,N,VIIRS,historical,Gujarat,WEST_GUJARAT,False,689.8,Unnamed Industrial Facility,storage_tank,way/719056984,NEARBY_INDUSTRIAL_BUFFER,0.8,CLUSTER_006,0.062,3,48,False,47.099999999999966,,UNLABELED,UNVERIFIED,,,,,,35.32,MODERATE,RECURRING_INTERMITTENT_HEAT,ROUTINE_MONITORING
16,20.35698,72.95097,301.25,288.29,2026-08-24,2112,2.0,nominal,0.6,N,N,VIIRS,historical,Gujarat,WEST_GUJARAT,False,1736.2,Unnamed Industrial Facility,general_industry,way/755699023,VICINITY_ZONE,0.4,CLUSTER_007,0.062,3,48,False,12.95999999999998,,UNLABELED,UNVERIFIED,,,,,,19.71,LOW,NON_INDUSTRIAL_RURAL,BACKGROUND_LOG
17,20.91151,71.45895,310.03,293.19,2026-08-24,2112,1.54,nominal,0.6,N,N,VIIRS,historical,Gujarat,WEST_GUJARAT,True,0.0,Unnamed Industrial Facility,general_industry,way/169375800,INSIDE_INDUSTRIAL_ZONE,1.0,CLUSTER_008,0.083,4,48,False,16.839999999999975,,UNLABELED,UNVERIFIED,,,,,,45.06,MODERATE,RECURRING_INTERMITTENT_HEAT,ROUTINE_MONITORING
18,21.10352,72.63773,330.98,293.45,2026-08-24,2112,9.49,nominal,0.6,N,N,VIIRS,historical,Gujarat,WEST_GUJARAT,True,0.0,ArcelorMittal Nippon Steel India,works,way/104647203,INSIDE_INDUSTRIAL_ZONE,1.0,CLUSTER_009,0.229,11,48,False,37.53000000000003,,UNLABELED,UNVERIFIED,,,,,,60.35,HIGH,ABNORMAL_INDUSTRIAL_HEAT,PRIORITY_INSPECTION
19,21.10552,72.64716,337.64,295.31,2026-08-24,2112,10.73,nominal,0.6,N,N,VIIRS,historical,Gujarat,WEST_GUJARAT,True,0.0,ArcelorMittal Nippon Steel India,works,way/104647203,INSIDE_INDUSTRIAL_ZONE,1.0,CLUSTER_009,0.229,11,48,False,42.329999999999984,,UNLABELED,UNVERIFIED,,,,,,60.35,HIGH,ABNORMAL_INDUSTRIAL_HEAT,PRIORITY_INSPECTION
20,21.1091,72.64789,309.92,293.66,2026-08-24,2112,3.01,nominal,0.6,N,N,VIIRS,historical,Gujarat,WEST_GUJARAT,True,0.0,ArcelorMittal Nippon Steel India,works,way/104647203,INSIDE_INDUSTRIAL_ZONE,1.0,CLUSTER_009,0.229,11,48,False,16.25999999999999,,UNLABELED,UNVERIFIED,,,,,,60.35,HIGH,ABNORMAL_INDUSTRIAL_HEAT,PRIORITY_INSPECTION
21,21.11144,72.63482,311.12,293.41,2026-08-24,2112,2.9,nominal,0.6,N,N,VIIRS,historical,Gujarat,WEST_GUJARAT,True,0.0,ArcelorMittal Nippon Steel India,works,way/104647203,INSIDE_INDUSTRIAL_ZONE,1.0,CLUSTER_009,0.229,11,48,False,17.70999999999998,,UNLABELED,UNVERIFIED,,,,,,60.35,HIGH,ABNORMAL_INDUSTRIAL_HEAT,PRIORITY_INSPECTION
22,22.3408,69.85459,305.94,294.23,2026-08-24,2112,1.87,nominal,0.6,N,N,VIIRS,historical,Gujarat,WEST_GUJARAT,True,0.0,Reliance Refinery,refinery,way/91585872,INSIDE_INDUSTRIAL_ZONE,1.0,CLUSTER_010,0.062,3,48,False,11.70999999999998,,UNLABELED,UNVERIFIED,,,,,,49.89,MODERATE,RECURRING_INTERMITTENT_HEAT,ROUTINE_MONITORING
23,22.34174,69.87002,322.14,292.79,2026-08-24,2112,1.78,nominal,0.6,N,N,VIIRS,historical,Gujarat,WEST_GUJARAT,True,0.0,Reliance Refinery,refinery,way/91585872,INSIDE_INDUSTRIAL_ZONE,1.0,CLUSTER_010,0.062,3,48,False,29.349999999999966,,UNLABELED,UNVERIFIED,,,,,,49.89,MODERATE,RECURRING_INTERMITTENT_HEAT,ROUTINE_MONITORING
24,22.34504,69.87063,323.05,292.53,2026-08-24,2112,1.78,nominal,0.6,N,N,VIIRS,historical,Gujarat,WEST_GUJARAT,True,0.0,Reliance Refinery,refinery,way/91585872,INSIDE_INDUSTRIAL_ZONE,1.0,CLUSTER_010,0.062,3,48,False,30.52000000000004,,UNLABELED,UNVERIFIED,,,,,,49.89,MODERATE,RECURRING_INTERMITTENT_HEAT,ROUTINE_MONITORING
25,22.92933,70.10716,313.68,294.86,2026-08-24,2112,1.04,nominal,0.6,N,N,VIIRS,historical,Gujarat,WEST_GUJARAT,True,0.0,Tuna-Tekra Container Terminal,port,way/361301736,INSIDE_INDUSTRIAL_ZONE,1.0,CLUSTER_011,0.083,4,48,False,18.819999999999993,,UNLABELED,UNVERIFIED,,,,,,48.97,MODERATE,RECURRING_INTERMITTENT_HEAT,ROUTINE_MONITORING
26,22.93312,69.69794,324.97,295.2,2026-08-24,2112,2.55,nominal,0.6,N,N,VIIRS,historical,Gujarat,WEST_GUJARAT,False,423.2,Unnamed Industrial Facility,general_industry,way/1002375165,NEARBY_INDUSTRIAL_BUFFER,0.8,CLUSTER_012,0.083,4,48,False,29.77000000000004,,UNLABELED,UNVERIFIED,,,,,,45.0,MODERATE,RECURRING_INTERMITTENT_HEAT,ROUTINE_MONITORING
27,22.93583,69.70226,321.57,295.22,2026-08-24,2112,3.69,nominal,0.6,N,N,VIIRS,historical,Gujarat,WEST_GUJARAT,False,334.0,Unnamed Industrial Facility,general_industry,way/1002375165,NEARBY_INDUSTRIAL_BUFFER,0.8,CLUSTER_012,0.083,4,48,False,26.349999999999966,,UNLABELED,UNVERIFIED,,,,,,45.0,MODERATE,RECURRING_INTERMITTENT_HEAT,ROUTINE_MONITORING
28,22.93641,69.69853,325.35,295.02,2026-08-24,2112,2.55,nominal,0.6,N,N,VIIRS,historical,Gujarat,WEST_GUJARAT,False,545.8,Unnamed Industrial Facility,general_industry,way/1002375165,NEARBY_INDUSTRIAL_BUFFER,0.8,CLUSTER_012,0.083,4,48,False,30.33000000000004,,UNLABELED,UNVERIFIED,,,,,,45.0,MODERATE,RECURRING_INTERMITTENT_HEAT,ROUTINE_MONITORING
29,23.05546,69.99567,308.71,294.75,2026-08-24,2112,0.63,nominal,0.6,N,N,VIIRS,historical,Gujarat,WEST_GUJARAT,False,2645.4,Unnamed Industrial Facility,general_industry,way/731087019,VICINITY_ZONE,0.4,CLUSTER_013,0.021,1,48,False,13.95999999999998,,UNLABELED,UNVERIFIED,,,,,,17.93,LOW,NON_INDUSTRIAL_RURAL,BACKGROUND_LOG
30,23.10639,70.1897,306.28,295.39,2026-08-24,2112,0.54,nominal,0.6,N,N,VIIRS,historical,Gujarat,WEST_GUJARAT,True,0.0,Unnamed Industrial Facility,general_industry,way/663323846,INSIDE_INDUSTRIAL_ZONE,1.0,CLUSTER_014,0.021,1,48,False,10.889999999999986,,UNLABELED,UNVERIFIED,,,,,,44.38,MODERATE,RECURRING_INTERMITTENT_HEAT,ROUTINE_MONITORING
31,23.2488,69.87011,307.12,295.5,2026-08-24,2112,0.82,nominal,0.6,N,N,VIIRS,historical,Gujarat,WEST_GUJARAT,True,0.0,Unnamed Industrial Facility,general_industry,way/731086863,INSIDE_INDUSTRIAL_ZONE,1.0,CLUSTER_015,0.021,1,48,False,11.620000000000005,,UNLABELED,UNVERIFIED,,,,,,44.45,MODERATE,RECURRING_INTERMITTENT_HEAT,ROUTINE_MONITORING
32,23.25788,70.26331,307.92,295.12,2026-08-24,2112,0.65,nominal,0.6,N,N,VIIRS,historical,Gujarat,WEST_GUJARAT,True,0.0,Unnamed Industrial Facility,general_industry,way/1263812739,INSIDE_INDUSTRIAL_ZONE,1.0,CLUSTER_016,0.042,2,48,False,12.800000000000011,,UNLABELED,UNVERIFIED,,,,,,44.48,MODERATE,RECURRING_INTERMITTENT_HEAT,ROUTINE_MONITORING
33,23.3162,70.48951,309.1,295.62,2026-08-24,2112,1.26,nominal,0.6,N,N,VIIRS,historical,Gujarat,WEST_GUJARAT,True,0.0,Unnamed Industrial Facility,general_industry,way/661955013,INSIDE_INDUSTRIAL_ZONE,1.0,CLUSTER_017,0.042,2,48,False,13.480000000000018,,UNLABELED,UNVERIFIED,,,,,,44.65,MODERATE,RECURRING_INTERMITTENT_HEAT,ROUTINE_MONITORING
34,22.93243,69.69887,311.42,293.13,2026-08-25,2053,2.23,nominal,0.6,N,N,VIIRS,historical,Gujarat,WEST_GUJARAT,False,327.4,Unnamed Industrial Facility,general_industry,way/1002375165,NEARBY_INDUSTRIAL_BUFFER,0.8,CLUSTER_012,0.083,4,48,False,18.29000000000002,,UNLABELED,UNVERIFIED,,,,,,45.0,MODERATE,RECURRING_INTERMITTENT_HEAT,ROUTINE_MONITORING
35,22.93312,69.69748,314.65,292.93,2026-08-25,2053,2.18,nominal,0.6,N,N,VIIRS,historical,Gujarat,WEST_GUJARAT,False,470.1,Unnamed Industrial Facility,general_industry,way/1002375165,NEARBY_INDUSTRIAL_BUFFER,0.8,CLUSTER_012,0.083,4,48,False,21.71999999999997,,UNLABELED,UNVERIFIED,,,,,,45.0,MODERATE,RECURRING_INTERMITTENT_HEAT,ROUTINE_MONITORING
36,21.10119,72.63515,333.85,290.63,2026-08-25,2055,7.38,nominal,0.6,N,N,VIIRS,historical,Gujarat,WEST_GUJARAT,False,48.0,ArcelorMittal Nippon Steel India,works,way/104647203,NEARBY_INDUSTRIAL_BUFFER,0.8,CLUSTER_009,0.229,11,48,False,43.22000000000003,,UNLABELED,UNVERIFIED,,,,,,60.35,HIGH,ABNORMAL_INDUSTRIAL_HEAT,PRIORITY_INSPECTION
37,21.10456,72.63571,316.63,287.4,2026-08-25,2055,3.21,nominal,0.6,N,N,VIIRS,historical,Gujarat,WEST_GUJARAT,True,0.0,ArcelorMittal Nippon Steel India,works,way/104647203,INSIDE_INDUSTRIAL_ZONE,1.0,CLUSTER_009,0.229,11,48,False,29.230000000000018,,UNLABELED,UNVERIFIED,,,,,,60.35,HIGH,ABNORMAL_INDUSTRIAL_HEAT,PRIORITY_INSPECTION
38,21.1062,72.64778,310.96,275.72,2026-08-25,2055,1.33,nominal,0.6,N,N,VIIRS,historical,Gujarat,WEST_GUJARAT,True,0.0,ArcelorMittal Nippon Steel India,works,way/104647203,INSIDE_INDUSTRIAL_ZONE,1.0,CLUSTER_009,0.229,11,48,False,35.23999999999995,,UNLABELED,UNVERIFIED,,,,,,60.35,HIGH,ABNORMAL_INDUSTRIAL_HEAT,PRIORITY_INSPECTION
39,21.10678,72.64395,316.16,277.94,2026-08-25,2055,2.31,nominal,0.6,N,N,VIIRS,historical,Gujarat,WEST_GUJARAT,True,0.0,ArcelorMittal Nippon Steel India,works,way/104647203,INSIDE_INDUSTRIAL_ZONE,1.0,CLUSTER_009,0.229,11,48,False,38.22000000000003,,UNLABELED,UNVERIFIED,,,,,,60.35,HIGH,ABNORMAL_INDUSTRIAL_HEAT,PRIORITY_INSPECTION
40,21.1113,72.63686,301.26,279.28,2026-08-25,2055,1.51,nominal,0.6,N,N,VIIRS,historical,Gujarat,WEST_GUJARAT,True,0.0,ArcelorMittal Nippon Steel India,works,way/104647203,INSIDE_INDUSTRIAL_ZONE,1.0,CLUSTER_009,0.229,11,48,False,21.980000000000018,,UNLABELED,UNVERIFIED,,,,,,60.35,HIGH,ABNORMAL_INDUSTRIAL_HEAT,PRIORITY_INSPECTION
41,22.4152,69.03896,305.3,285.84,2026-08-25,2055,1.39,nominal,0.6,N,N,VIIRS,historical,Gujarat,WEST_GUJARAT,True,0.0,Unnamed Industrial Facility,general_industry,way/1311235459,INSIDE_INDUSTRIAL_ZONE,1.0,CLUSTER_018,0.083,4,48,False,19.460000000000036,,UNLABELED,UNVERIFIED,,,,,,46.05,MODERATE,RECURRING_INTERMITTENT_HEAT,ROUTINE_MONITORING
42,21.10126,72.63638,355.87,294.3,2026-08-26,0805,11.1,nominal,0.6,D,N,VIIRS,historical,Gujarat,WEST_GUJARAT,True,0.0,ArcelorMittal Nippon Steel India,works,way/104647203,INSIDE_INDUSTRIAL_ZONE,1.0,CLUSTER_009,0.229,11,48,False,61.56999999999999,,UNLABELED,UNVERIFIED,,,,,,60.35,HIGH,ABNORMAL_INDUSTRIAL_HEAT,PRIORITY_INSPECTION
43,21.10306,72.64542,336.67,293.41,2026-08-26,0805,4.7,nominal,0.6,D,N,VIIRS,historical,Gujarat,WEST_GUJARAT,True,0.0,ArcelorMittal Nippon Steel India,works,way/104647203,INSIDE_INDUSTRIAL_ZONE,1.0,CLUSTER_009,0.229,11,48,False,43.25999999999999,,UNLABELED,UNVERIFIED,,,,,,60.35,HIGH,ABNORMAL_INDUSTRIAL_HEAT,PRIORITY_INSPECTION
44,22.9245,69.82229,301.64,290.12,2026-08-26,2034,1.76,nominal,0.6,N,N,VIIRS,historical,Gujarat,WEST_GUJARAT,False,96.7,Unnamed Industrial Facility,general_industry,way/839105241,NEARBY_INDUSTRIAL_BUFFER,0.8,CLUSTER_019,0.062,3,48,False,11.519999999999982,,UNLABELED,UNVERIFIED,,,,,,44.75,MODERATE,RECURRING_INTERMITTENT_HEAT,ROUTINE_MONITORING
45,22.92565,69.82343,303.65,290.14,2026-08-26,2034,0.67,nominal,0.6,N,N,VIIRS,historical,Gujarat,WEST_GUJARAT,False,2.1,Unnamed Industrial Facility,general_industry,way/839105241,NEARBY_INDUSTRIAL_BUFFER,0.8,CLUSTER_019,0.062,3,48,False,13.509999999999991,,UNLABELED,UNVERIFIED,,,,,,44.75,MODERATE,RECURRING_INTERMITTENT_HEAT,ROUTINE_MONITORING
46,23.12196,70.08334,311.0,290.15,2026-08-26,2034,1.48,nominal,0.6,N,N,VIIRS,historical,Gujarat,WEST_GUJARAT,False,393.6,Unnamed Industrial Facility,general_industry,way/104495231,NEARBY_INDUSTRIAL_BUFFER,0.8,CLUSTER_020,0.042,2,48,False,20.850000000000023,,UNLABELED,UNVERIFIED,,,,,,44.81,MODERATE,RECURRING_INTERMITTENT_HEAT,ROUTINE_MONITORING
47,21.10433,72.64272,305.89,264.87,2026-08-27,2017,2.66,nominal,0.6,N,N,VIIRS,historical,Gujarat,WEST_GUJARAT,True,0.0,ArcelorMittal Nippon Steel India,works,way/104647203,INSIDE_INDUSTRIAL_ZONE,1.0,CLUSTER_009,0.229,11,48,False,41.01999999999998,,UNLABELED,UNVERIFIED,,,,,,60.35,HIGH,ABNORMAL_INDUSTRIAL_HEAT,PRIORITY_INSPECTION
48,22.38937,73.11508,295.06,272.37,2026-08-27,2017,0.59,nominal,0.6,N,N,VIIRS,historical,Gujarat,WEST_GUJARAT,True,0.0,Gujarat Refinery,refinery,way/29107962,INSIDE_INDUSTRIAL_ZONE,1.0,CLUSTER_021,0.021,1,48,False,22.689999999999998,,UNLABELED,UNVERIFIED,,,,,,44.39,MODERATE,RECURRING_INTERMITTENT_HEAT,ROUTINE_MONITORING
49,21.1045,72.63617,337.36,289.47,2026-08-24,2131,5.37,nominal,0.6,N,N20,VIIRS,historical,Gujarat,WEST_GUJARAT,True,0.0,ArcelorMittal Nippon Steel India,works,way/104647203,INSIDE_INDUSTRIAL_ZONE,1.0,CLUSTER_009,0.229,11,48,False,47.889999999999986,,UNLABELED,UNVERIFIED,,,,,,60.35,HIGH,ABNORMAL_INDUSTRIAL_HEAT,PRIORITY_INSPECTION
50,21.10742,72.64774,320.64,290.58,2026-08-24,2131,3.22,nominal,0.6,N,N20,VIIRS,historical,Gujarat,WEST_GUJARAT,True,0.0,ArcelorMittal Nippon Steel India,works,way/104647203,INSIDE_INDUSTRIAL_ZONE,1.0,CLUSTER_009,0.229,11,48,False,30.060000000000002,,UNLABELED,UNVERIFIED,,,,,,60.35,HIGH,ABNORMAL_INDUSTRIAL_HEAT,PRIORITY_INSPECTION
51,21.10818,72.64432,328.48,289.54,2026-08-24,2131,3.22,nominal,0.6,N,N20,VIIRS,historical,Gujarat,WEST_GUJARAT,True,0.0,ArcelorMittal Nippon Steel India,works,way/104647203,INSIDE_INDUSTRIAL_ZONE,1.0,CLUSTER_009,0.229,11,48,False,38.94,,UNLABELED,UNVERIFIED,,,,,,60.35,HIGH,ABNORMAL_INDUSTRIAL_HEAT,PRIORITY_INSPECTION
52,22.34236,69.87119,331.0,292.96,2026-08-24,2131,5.31,nominal,0.6,N,N20,VIIRS,historical,Gujarat,WEST_GUJARAT,True,0.0,Reliance Refinery,refinery,way/91585872,INSIDE_INDUSTRIAL_ZONE,1.0,CLUSTER_010,0.062,3,48,False,38.04000000000002,,UNLABELED,UNVERIFIED,,,,,,49.89,MODERATE,RECURRING_INTERMITTENT_HEAT,ROUTINE_MONITORING
53,22.92938,70.10797,307.66,293.79,2026-08-24,2131,1.57,nominal,0.6,N,N20,VIIRS,historical,Gujarat,WEST_GUJARAT,False,0.4,Tuna-Tekra Container Terminal,port,way/361301736,NEARBY_INDUSTRIAL_BUFFER,0.8,CLUSTER_011,0.083,4,48,False,13.870000000000005,,UNLABELED,UNVERIFIED,,,,,,48.97,MODERATE,RECURRING_INTERMITTENT_HEAT,ROUTINE_MONITORING
54,22.93402,69.69881,314.16,294.18,2026-08-24,2131,2.18,nominal,0.6,N,N20,VIIRS,historical,Gujarat,WEST_GUJARAT,False,361.7,Unnamed Industrial Facility,general_industry,way/1002375165,NEARBY_INDUSTRIAL_BUFFER,0.8,CLUSTER_012,0.083,4,48,False,19.980000000000018,,UNLABELED,UNVERIFIED,,,,,,45.0,MODERATE,RECURRING_INTERMITTENT_HEAT,ROUTINE_MONITORING
55,21.10028,72.63832,336.63,288.5,2026-08-25,0843,6.64,nominal,0.6,D,N20,VIIRS,historical,Gujarat,WEST_GUJARAT,False,205.4,ArcelorMittal Nippon Steel India,works,way/104647203,NEARBY_INDUSTRIAL_BUFFER,0.8,CLUSTER_009,0.229,11,48,False,48.129999999999995,,UNLABELED,UNVERIFIED,,,,,,60.35,HIGH,ABNORMAL_INDUSTRIAL_HEAT,PRIORITY_INSPECTION
56,21.10536,72.64783,332.66,289.06,2026-08-25,0843,6.03,nominal,0.6,D,N20,VIIRS,historical,Gujarat,WEST_GUJARAT,True,0.0,ArcelorMittal Nippon Steel India,works,way/104647203,INSIDE_INDUSTRIAL_ZONE,1.0,CLUSTER_009,0.229,11,48,False,43.60000000000002,,UNLABELED,UNVERIFIED,,,,,,60.35,HIGH,ABNORMAL_INDUSTRIAL_HEAT,PRIORITY_INSPECTION
57,22.93576,69.1861,331.31,298.51,2026-08-25,0843,0.9,nominal,0.6,D,N20,VIIRS,historical,Gujarat,WEST_GUJARAT,False,20823.3,Unnamed Industrial Facility,general_industry,way/139441710,NON_INDUSTRIAL_RURAL,0.1,CLUSTER_022,0.021,1,48,False,32.80000000000001,,UNLABELED,UNVERIFIED,,,,,,18.77,LOW,NON_INDUSTRIAL_RURAL,BACKGROUND_LOG
58,20.9112,71.45757,302.1,284.29,2026-08-25,2112,0.57,nominal,0.6,N,N20,VIIRS,historical,Gujarat,WEST_GUJARAT,False,58.3,Unnamed Industrial Facility,general_industry,way/169375800,NEARBY_INDUSTRIAL_BUFFER,0.8,CLUSTER_008,0.083,4,48,False,17.810000000000002,,UNLABELED,UNVERIFIED,,,,,,45.06,MODERATE,RECURRING_INTERMITTENT_HEAT,ROUTINE_MONITORING
59,21.10278,72.63721,322.81,288.84,2026-08-25,2112,5.36,nominal,0.6,N,N20,VIIRS,historical,Gujarat,WEST_GUJARAT,False,6.4,ArcelorMittal Nippon Steel India,works,way/104647203,NEARBY_INDUSTRIAL_BUFFER,0.8,CLUSTER_009,0.229,11,48,False,33.97000000000003,,UNLABELED,UNVERIFIED,,,,,,60.35,HIGH,ABNORMAL_INDUSTRIAL_HEAT,PRIORITY_INSPECTION
60,21.10566,72.6433,330.23,288.03,2026-08-25,2112,9.44,nominal,0.6,N,N20,VIIRS,historical,Gujarat,WEST_GUJARAT,True,0.0,ArcelorMittal Nippon Steel India,works,way/104647203,INSIDE_INDUSTRIAL_ZONE,1.0,CLUSTER_009,0.229,11,48,False,42.200000000000045,,UNLABELED,UNVERIFIED,,,,,,60.35,HIGH,ABNORMAL_INDUSTRIAL_HEAT,PRIORITY_INSPECTION
61,22.33997,69.85574,308.37,292.92,2026-08-25,2112,3.06,nominal,0.6,N,N20,VIIRS,historical,Gujarat,WEST_GUJARAT,True,0.0,Reliance Refinery,refinery,way/91585872,INSIDE_INDUSTRIAL_ZONE,1.0,CLUSTER_010,0.062,3,48,False,15.449999999999989,,UNLABELED,UNVERIFIED,,,,,,49.89,MODERATE,RECURRING_INTERMITTENT_HEAT,ROUTINE_MONITORING
62,22.3412,69.85442,306.8,291.97,2026-08-25,2112,2.19,nominal,0.6,N,N20,VIIRS,historical,Gujarat,WEST_GUJARAT,True,0.0,Reliance Refinery,refinery,way/91585872,INSIDE_INDUSTRIAL_ZONE,1.0,CLUSTER_010,0.062,3,48,False,14.829999999999984,,UNLABELED,UNVERIFIED,,,,,,49.89,MODERATE,RECURRING_INTERMITTENT_HEAT,ROUTINE_MONITORING
63,22.41745,69.03764,310.21,285.03,2026-08-25,2112,0.7,nominal,0.6,N,N20,VIIRS,historical,Gujarat,WEST_GUJARAT,False,50.3,Unnamed Industrial Facility,general_industry,way/1311235459,NEARBY_INDUSTRIAL_BUFFER,0.8,CLUSTER_018,0.083,4,48,False,25.180000000000007,,UNLABELED,UNVERIFIED,,,,,,46.05,MODERATE,RECURRING_INTERMITTENT_HEAT,ROUTINE_MONITORING
64,22.42014,69.04203,302.36,284.81,2026-08-25,2112,0.79,nominal,0.6,N,N20,VIIRS,historical,Gujarat,WEST_GUJARAT,True,0.0,Unnamed Industrial Facility,general_industry,way/1311235459,INSIDE_INDUSTRIAL_ZONE,1.0,CLUSTER_018,0.083,4,48,False,17.55000000000001,,UNLABELED,UNVERIFIED,,,,,,46.05,MODERATE,RECURRING_INTERMITTENT_HEAT,ROUTINE_MONITORING
65,22.92693,69.82433,307.02,294.39,2026-08-25,2112,2.03,nominal,0.6,N,N20,VIIRS,historical,Gujarat,WEST_GUJARAT,True,0.0,Unnamed Industrial Facility,general_industry,way/839105241,INSIDE_INDUSTRIAL_ZONE,1.0,CLUSTER_019,0.062,3,48,False,12.629999999999995,,UNLABELED,UNVERIFIED,,,,,,44.75,MODERATE,RECURRING_INTERMITTENT_HEAT,ROUTINE_MONITORING
66,22.92767,70.10764,315.24,293.46,2026-08-25,2112,1.1,nominal,0.6,N,N20,VIIRS,historical,Gujarat,WEST_GUJARAT,True,0.0,Tuna-Tekra Container Terminal,port,way/361301736,INSIDE_INDUSTRIAL_ZONE,1.0,CLUSTER_011,0.083,4,48,False,21.78000000000003,,UNLABELED,UNVERIFIED,,,,,,48.97,MODERATE,RECURRING_INTERMITTENT_HEAT,ROUTINE_MONITORING
67,22.9311,69.69724,306.28,294.03,2026-08-25,2112,1.76,nominal,0.6,N,N20,VIIRS,historical,Gujarat,WEST_GUJARAT,False,513.7,Unnamed Industrial Facility,general_industry,way/1002375165,NEARBY_INDUSTRIAL_BUFFER,0.8,CLUSTER_012,0.083,4,48,False,12.25,,UNLABELED,UNVERIFIED,,,,,,45.0,MODERATE,RECURRING_INTERMITTENT_HEAT,ROUTINE_MONITORING
68,22.9338,69.70174,317.05,294.03,2026-08-25,2112,2.97,nominal,0.6,N,N20,VIIRS,historical,Gujarat,WEST_GUJARAT,False,123.7,Unnamed Industrial Facility,general_industry,way/1002375165,NEARBY_INDUSTRIAL_BUFFER,0.8,CLUSTER_012,0.083,4,48,False,23.02000000000004,,UNLABELED,UNVERIFIED,,,,,,45.0,MODERATE,RECURRING_INTERMITTENT_HEAT,ROUTINE_MONITORING
69,22.93445,69.69788,330.6,293.92,2026-08-25,2112,3.76,nominal,0.6,N,N20,VIIRS,historical,Gujarat,WEST_GUJARAT,False,468.2,Unnamed Industrial Facility,general_industry,way/1002375165,NEARBY_INDUSTRIAL_BUFFER,0.8,CLUSTER_012,0.083,4,48,False,36.68000000000001,,UNLABELED,UNVERIFIED,,,,,,45.0,MODERATE,RECURRING_INTERMITTENT_HEAT,ROUTINE_MONITORING
70,21.10113,72.63656,342.14,300.87,2026-08-26,0824,8.04,nominal,0.6,D,N20,VIIRS,historical,Gujarat,WEST_GUJARAT,False,13.8,ArcelorMittal Nippon Steel India,works,way/104647203,NEARBY_INDUSTRIAL_BUFFER,0.8,CLUSTER_009,0.229,11,48,False,41.26999999999998,,UNLABELED,UNVERIFIED,,,,,,60.35,HIGH,ABNORMAL_INDUSTRIAL_HEAT,PRIORITY_INSPECTION
71,21.10283,72.64758,339.05,302.09,2026-08-26,0824,11.92,nominal,0.6,D,N20,VIIRS,historical,Gujarat,WEST_GUJARAT,True,0.0,ArcelorMittal Nippon Steel India,works,way/104647203,INSIDE_INDUSTRIAL_ZONE,1.0,CLUSTER_009,0.229,11,48,False,36.960000000000036,,UNLABELED,UNVERIFIED,,,,,,60.35,HIGH,ABNORMAL_INDUSTRIAL_HEAT,PRIORITY_INSPECTION
72,21.10612,72.647,344.97,302.32,2026-08-26,0824,11.92,nominal,0.6,D,N20,VIIRS,historical,Gujarat,WEST_GUJARAT,True,0.0,ArcelorMittal Nippon Steel India,works,way/104647203,INSIDE_INDUSTRIAL_ZONE,1.0,CLUSTER_009,0.229,11,48,False,42.650000000000034,,UNLABELED,UNVERIFIED,,,,,,60.35,HIGH,ABNORMAL_INDUSTRIAL_HEAT,PRIORITY_INSPECTION
73,22.92799,70.10835,334.26,302.81,2026-08-26,0826,6.26,low,0.2,D,N20,VIIRS,historical,Gujarat,WEST_GUJARAT,False,31.3,Tuna-Tekra Container Terminal,port,way/361301736,NEARBY_INDUSTRIAL_BUFFER,0.8,CLUSTER_011,0.083,4,48,False,31.44999999999999,,UNLABELED,UNVERIFIED,,,,,,48.97,MODERATE,RECURRING_INTERMITTENT_HEAT,ROUTINE_MONITORING
74,23.93222,72.36194,322.77,280.0,2026-08-26,2051,1.69,nominal,0.6,N,N20,VIIRS,historical,Gujarat,WEST_GUJARAT,False,59.6,Unnamed Industrial Facility,general_industry,way/824252595,NEARBY_INDUSTRIAL_BUFFER,0.8,CLUSTER_023,0.021,1,48,False,42.76999999999998,,UNLABELED,UNVERIFIED,,,,,,44.91,MODERATE,RECURRING_INTERMITTENT_HEAT,ROUTINE_MONITORING
75,20.91049,71.45941,312.46,289.09,2026-08-26,2053,1.26,nominal,0.6,N,N20,VIIRS,historical,Gujarat,WEST_GUJARAT,True,0.0,Unnamed Industrial Facility,general_industry,way/169375800,INSIDE_INDUSTRIAL_ZONE,1.0,CLUSTER_008,0.083,4,48,False,23.370000000000005,,UNLABELED,UNVERIFIED,,,,,,45.06,MODERATE,RECURRING_INTERMITTENT_HEAT,ROUTINE_MONITORING
76,21.1065,72.64651,300.89,270.92,2026-08-26,2053,0.55,nominal,0.6,N,N20,VIIRS,historical,Gujarat,WEST_GUJARAT,True,0.0,ArcelorMittal Nippon Steel India,works,way/104647203,INSIDE_INDUSTRIAL_ZONE,1.0,CLUSTER_009,0.229,11,48,False,29.96999999999997,,UNLABELED,UNVERIFIED,,,,,,60.35,HIGH,ABNORMAL_INDUSTRIAL_HEAT,PRIORITY_INSPECTION
77,22.32085,69.8827,311.16,286.86,2026-08-26,2053,1.41,nominal,0.6,N,N20,VIIRS,historical,Gujarat,WEST_GUJARAT,True,0.0,Reliance Refinery,refinery,way/91585872,INSIDE_INDUSTRIAL_ZONE,1.0,CLUSTER_024,0.021,1,48,False,24.30000000000001,,UNLABELED,UNVERIFIED,,,,,,45.6,MODERATE,RECURRING_INTERMITTENT_HEAT,ROUTINE_MONITORING
78,22.32132,69.88142,317.54,287.39,2026-08-26,2053,1.49,nominal,0.6,N,N20,VIIRS,historical,Gujarat,WEST_GUJARAT,True,0.0,Reliance Refinery,refinery,way/91585872,INSIDE_INDUSTRIAL_ZONE,1.0,CLUSTER_024,0.021,1,48,False,30.150000000000034,,UNLABELED,UNVERIFIED,,,,,,45.6,MODERATE,RECURRING_INTERMITTENT_HEAT,ROUTINE_MONITORING
79,22.41633,69.0387,309.0,292.91,2026-08-26,2053,2.63,nominal,0.6,N,N20,VIIRS,historical,Gujarat,WEST_GUJARAT,True,0.0,Unnamed Industrial Facility,general_industry,way/1311235459,INSIDE_INDUSTRIAL_ZONE,1.0,CLUSTER_018,0.083,4,48,False,16.089999999999975,,UNLABELED,UNVERIFIED,,,,,,46.05,MODERATE,RECURRING_INTERMITTENT_HEAT,ROUTINE_MONITORING
80,23.31464,70.48708,307.11,293.75,2026-08-26,2053,1.62,nominal,0.6,N,N20,VIIRS,historical,Gujarat,WEST_GUJARAT,True,0.0,Unnamed Industrial Facility,general_industry,way/661955013,INSIDE_INDUSTRIAL_ZONE,1.0,CLUSTER_017,0.042,2,48,False,13.360000000000014,,UNLABELED,UNVERIFIED,,,,,,44.65,MODERATE,RECURRING_INTERMITTENT_HEAT,ROUTINE_MONITORING
81,23.31667,70.48634,308.92,294.09,2026-08-26,2053,1.21,nominal,0.6,N,N20,VIIRS,historical,Gujarat,WEST_GUJARAT,True,0.0,Unnamed Industrial Facility,general_industry,way/661955013,INSIDE_INDUSTRIAL_ZONE,1.0,CLUSTER_017,0.042,2,48,False,14.830000000000041,,UNLABELED,UNVERIFIED,,,,,,44.65,MODERATE,RECURRING_INTERMITTENT_HEAT,ROUTINE_MONITORING
82,21.11086,72.63392,297.67,269.91,2026-08-27,2034,0.95,nominal,0.6,N,N20,VIIRS,historical,Gujarat,WEST_GUJARAT,True,0.0,ArcelorMittal Nippon Steel India,works,way/104647203,INSIDE_INDUSTRIAL_ZONE,1.0,CLUSTER_009,0.229,11,48,False,27.75999999999999,,UNLABELED,UNVERIFIED,,,,,,60.35,HIGH,ABNORMAL_INDUSTRIAL_HEAT,PRIORITY_INSPECTION
83,23.11632,70.08329,303.57,288.7,2026-08-27,2034,1.73,nominal,0.6,N,N20,VIIRS,historical,Gujarat,WEST_GUJARAT,True,0.0,Unnamed Industrial Facility,general_industry,way/104495231,INSIDE_INDUSTRIAL_ZONE,1.0,CLUSTER_020,0.042,2,48,False,14.870000000000005,,UNLABELED,UNVERIFIED,,,,,,44.81,MODERATE,RECURRING_INTERMITTENT_HEAT,ROUTINE_MONITORING
84,20.91008,71.45858,304.73,291.81,2026-08-24,2036,1.97,nominal,0.6,N,N21,VIIRS,historical,Gujarat,WEST_GUJARAT,True,0.0,Unnamed Industrial Facility,general_industry,way/169375800,INSIDE_INDUSTRIAL_ZONE,1.0,CLUSTER_008,0.083,4,48,False,12.920000000000016,,UNLABELED,UNVERIFIED,,,,,,45.06,MODERATE,RECURRING_INTERMITTENT_HEAT,ROUTINE_MONITORING
85,21.1006,72.63942,303.78,284.69,2026-08-24,2036,6.84,nominal,0.6,N,N21,VIIRS,historical,Gujarat,WEST_GUJARAT,False,289.9,ArcelorMittal Nippon Steel India,works,way/104647203,NEARBY_INDUSTRIAL_BUFFER,0.8,CLUSTER_009,0.229,11,48,False,19.089999999999975,,UNLABELED,UNVERIFIED,,,,,,60.35,HIGH,ABNORMAL_INDUSTRIAL_HEAT,PRIORITY_INSPECTION
86,21.1012,72.63512,343.9,286.91,2026-08-24,2036,6.84,nominal,0.6,N,N21,VIIRS,historical,Gujarat,WEST_GUJARAT,False,50.8,ArcelorMittal Nippon Steel India,works,way/104647203,NEARBY_INDUSTRIAL_BUFFER,0.8,CLUSTER_009,0.229,11,48,False,56.98999999999995,,UNLABELED,UNVERIFIED,,,,,,60.35,HIGH,ABNORMAL_INDUSTRIAL_HEAT,PRIORITY_INSPECTION
87,21.10295,72.64854,306.06,287.19,2026-08-24,2036,5.21,nominal,0.6,N,N21,VIIRS,historical,Gujarat,WEST_GUJARAT,True,0.0,ArcelorMittal Nippon Steel India,works,way/104647203,INSIDE_INDUSTRIAL_ZONE,1.0,CLUSTER_009,0.229,11,48,False,18.870000000000005,,UNLABELED,UNVERIFIED,,,,,,60.35,HIGH,ABNORMAL_INDUSTRIAL_HEAT,PRIORITY_INSPECTION
88,21.10355,72.64426,333.39,286.73,2026-08-24,2036,5.21,nominal,0.6,N,N21,VIIRS,historical,Gujarat,WEST_GUJARAT,True,0.0,ArcelorMittal Nippon Steel India,works,way/104647203,INSIDE_INDUSTRIAL_ZONE,1.0,CLUSTER_009,0.229,11,48,False,46.65999999999997,,UNLABELED,UNVERIFIED,,,,,,60.35,HIGH,ABNORMAL_INDUSTRIAL_HEAT,PRIORITY_INSPECTION
89,21.10415,72.63996,305.3,285.08,2026-08-24,2036,1.32,nominal,0.6,N,N21,VIIRS,historical,Gujarat,WEST_GUJARAT,True,0.0,ArcelorMittal Nippon Steel India,works,way/104647203,INSIDE_INDUSTRIAL_ZONE,1.0,CLUSTER_009,0.229,11,48,False,20.220000000000027,,UNLABELED,UNVERIFIED,,,,,,60.35,HIGH,ABNORMAL_INDUSTRIAL_HEAT,PRIORITY_INSPECTION
90,21.10475,72.63566,311.84,286.77,2026-08-24,2036,1.32,nominal,0.6,N,N21,VIIRS,historical,Gujarat,WEST_GUJARAT,True,0.0,ArcelorMittal Nippon Steel India,works,way/104647203,INSIDE_INDUSTRIAL_ZONE,1.0,CLUSTER_009,0.229,11,48,False,25.069999999999993,,UNLABELED,UNVERIFIED,,,,,,60.35,HIGH,ABNORMAL_INDUSTRIAL_HEAT,PRIORITY_INSPECTION
91,21.10649,72.64909,309.21,287.92,2026-08-24,2036,5.21,nominal,0.6,N,N21,VIIRS,historical,Gujarat,WEST_GUJARAT,True,0.0,ArcelorMittal Nippon Steel India,works,way/104647203,INSIDE_INDUSTRIAL_ZONE,1.0,CLUSTER_009,0.229,11,48,False,21.289999999999964,,UNLABELED,UNVERIFIED,,,,,,60.35,HIGH,ABNORMAL_INDUSTRIAL_HEAT,PRIORITY_INSPECTION
92,21.1071,72.6448,333.63,286.64,2026-08-24,2036,5.21,nominal,0.6,N,N21,VIIRS,historical,Gujarat,WEST_GUJARAT,True,0.0,ArcelorMittal Nippon Steel India,works,way/104647203,INSIDE_INDUSTRIAL_ZONE,1.0,CLUSTER_009,0.229,11,48,False,46.99000000000001,,UNLABELED,UNVERIFIED,,,,,,60.35,HIGH,ABNORMAL_INDUSTRIAL_HEAT,PRIORITY_INSPECTION
93,21.1077,72.6405,305.03,286.38,2026-08-24,2036,1.32,nominal,0.6,N,N21,VIIRS,historical,Gujarat,WEST_GUJARAT,True,0.0,ArcelorMittal Nippon Steel India,works,way/104647203,INSIDE_INDUSTRIAL_ZONE,1.0,CLUSTER_009,0.229,11,48,False,18.649999999999977,,UNLABELED,UNVERIFIED,,,,,,60.35,HIGH,ABNORMAL_INDUSTRIAL_HEAT,PRIORITY_INSPECTION
94,21.1083,72.63621,314.67,287.72,2026-08-24,2036,1.32,nominal,0.6,N,N21,VIIRS,historical,Gujarat,WEST_GUJARAT,True,0.0,ArcelorMittal Nippon Steel India,works,way/104647203,INSIDE_INDUSTRIAL_ZONE,1.0,CLUSTER_009,0.229,11,48,False,26.94999999999999,,UNLABELED,UNVERIFIED,,,,,,60.35,HIGH,ABNORMAL_INDUSTRIAL_HEAT,PRIORITY_INSPECTION
95,21.11155,72.63502,306.84,285.95,2026-08-24,2036,2.62,nominal,0.6,N,N21,VIIRS,historical,Gujarat,WEST_GUJARAT,True,0.0,ArcelorMittal Nippon Steel India,works,way/104647203,INSIDE_INDUSTRIAL_ZONE,1.0,CLUSTER_009,0.229,11,48,False,20.889999999999986,,UNLABELED,UNVERIFIED,,,,,,60.35,HIGH,ABNORMAL_INDUSTRIAL_HEAT,PRIORITY_INSPECTION
96,21.11185,72.63676,305.79,286.44,2026-08-24,2036,2.38,nominal,0.6,N,N21,VIIRS,historical,Gujarat,WEST_GUJARAT,True,0.0,ArcelorMittal Nippon Steel India,works,way/104647203,INSIDE_INDUSTRIAL_ZONE,1.0,CLUSTER_009,0.229,11,48,False,19.350000000000023,,UNLABELED,UNVERIFIED,,,,,,60.35,HIGH,ABNORMAL_INDUSTRIAL_HEAT,PRIORITY_INSPECTION
97,22.33921,69.8703,309.15,293.54,2026-08-24,2036,2.69,nominal,0.6,N,N21,VIIRS,historical,Gujarat,WEST_GUJARAT,True,0.0,Reliance Refinery,refinery,way/91585872,INSIDE_INDUSTRIAL_ZONE,1.0,CLUSTER_010,0.062,3,48,False,15.609999999999957,,UNLABELED,UNVERIFIED,,,,,,49.89,MODERATE,RECURRING_INTERMITTENT_HEAT,ROUTINE_MONITORING
98,22.33969,69.86611,315.85,294.07,2026-08-24,2036,2.69,nominal,0.6,N,N21,VIIRS,historical,Gujarat,WEST_GUJARAT,True,0.0,Reliance Refinery,refinery,way/91585872,INSIDE_INDUSTRIAL_ZONE,1.0,CLUSTER_010,0.062,3,48,False,21.78000000000003,,UNLABELED,UNVERIFIED,,,,,,49.89,MODERATE,RECURRING_INTERMITTENT_HEAT,ROUTINE_MONITORING
99,22.34017,69.86192,307.83,293.93,2026-08-24,2036,3.82,nominal,0.6,N,N21,VIIRS,historical,Gujarat,WEST_GUJARAT,True,0.0,Reliance Refinery,refinery,way/91585872,INSIDE_INDUSTRIAL_ZONE,1.0,CLUSTER_010,0.062,3,48,False,13.899999999999977,,UNLABELED,UNVERIFIED,,,,,,49.89,MODERATE,RECURRING_INTERMITTENT_HEAT,ROUTINE_MONITORING
100,22.34343,69.87085,313.73,293.41,2026-08-24,2036,7.01,nominal,0.6,N,N21,VIIRS,historical,Gujarat,WEST_GUJARAT,True,0.0,Reliance Refinery,refinery,way/91585872,INSIDE_INDUSTRIAL_ZONE,1.0,CLUSTER_010,0.062,3,48,False,20.319999999999993,,UNLABELED,UNVERIFIED,,,,,,49.89,MODERATE,RECURRING_INTERMITTENT_HEAT,ROUTINE_MONITORING
101,22.34392,69.86665,339.9,293.84,2026-08-24,2036,7.01,nominal,0.6,N,N21,VIIRS,historical,Gujarat,WEST_GUJARAT,True,0.0,Reliance Refinery,refinery,way/91585872,INSIDE_INDUSTRIAL_ZONE,1.0,CLUSTER_010,0.062,3,48,False,46.06,,UNLABELED,UNVERIFIED,,,,,,49.89,MODERATE,RECURRING_INTERMITTENT_HEAT,ROUTINE_MONITORING
102,22.3444,69.86245,308.11,293.06,2026-08-24,2036,2.37,nominal,0.6,N,N21,VIIRS,historical,Gujarat,WEST_GUJARAT,True,0.0,Reliance Refinery,refinery,way/91585872,INSIDE_INDUSTRIAL_ZONE,1.0,CLUSTER_010,0.062,3,48,False,15.050000000000011,,UNLABELED,UNVERIFIED,,,,,,49.89,MODERATE,RECURRING_INTERMITTENT_HEAT,ROUTINE_MONITORING
103,22.93092,69.6974,305.22,293.62,2026-08-24,2036,1.29,nominal,0.6,N,N21,VIIRS,historical,Gujarat,WEST_GUJARAT,False,500.4,Unnamed Industrial Facility,general_industry,way/1002375165,NEARBY_INDUSTRIAL_BUFFER,0.8,CLUSTER_012,0.083,4,48,False,11.600000000000023,,UNLABELED,UNVERIFIED,,,,,,45.0,MODERATE,RECURRING_INTERMITTENT_HEAT,ROUTINE_MONITORING
104,22.93522,69.69798,309.2,293.68,2026-08-24,2036,1.47,nominal,0.6,N,N21,VIIRS,historical,Gujarat,WEST_GUJARAT,False,500.7,Unnamed Industrial Facility,general_industry,way/1002375165,NEARBY_INDUSTRIAL_BUFFER,0.8,CLUSTER_012,0.083,4,48,False,15.519999999999982,,UNLABELED,UNVERIFIED,,,,,,45.0,MODERATE,RECURRING_INTERMITTENT_HEAT,ROUTINE_MONITORING
105,23.31523,70.48663,306.28,294.42,2026-08-24,2036,1.6,nominal,0.6,N,N21,VIIRS,historical,Gujarat,WEST_GUJARAT,True,0.0,Unnamed Industrial Facility,general_industry,way/661955013,INSIDE_INDUSTRIAL_ZONE,1.0,CLUSTER_017,0.042,2,48,False,11.859999999999957,,UNLABELED,UNVERIFIED,,,,,,44.65,MODERATE,RECURRING_INTERMITTENT_HEAT,ROUTINE_MONITORING
106,20.91191,71.45881,305.05,290.37,2026-08-25,2019,0.96,nominal,0.6,N,N21,VIIRS,historical,Gujarat,WEST_GUJARAT,True,0.0,Unnamed Industrial Facility,general_industry,way/169375800,INSIDE_INDUSTRIAL_ZONE,1.0,CLUSTER_008,0.083,4,48,False,14.680000000000007,,UNLABELED,UNVERIFIED,,,,,,45.06,MODERATE,RECURRING_INTERMITTENT_HEAT,ROUTINE_MONITORING
107,21.10038,72.63611,334.04,287.11,2026-08-26,0731,6.31,nominal,0.6,D,N21,VIIRS,historical,Gujarat,WEST_GUJARAT,False,60.3,ArcelorMittal Nippon Steel India,works,way/104647203,NEARBY_INDUSTRIAL_BUFFER,0.8,CLUSTER_009,0.229,11,48,False,46.93000000000001,,UNLABELED,UNVERIFIED,,,,,,60.35,HIGH,ABNORMAL_INDUSTRIAL_HEAT,PRIORITY_INSPECTION
108,21.10424,72.64529,332.55,288.95,2026-08-26,0909,7.18,nominal,0.6,D,N21,VIIRS,historical,Gujarat,WEST_GUJARAT,True,0.0,ArcelorMittal Nippon Steel India,works,way/104647203,INSIDE_INDUSTRIAL_ZONE,1.0,CLUSTER_009,0.229,11,48,False,43.60000000000002,,UNLABELED,UNVERIFIED,,,,,,60.35,HIGH,ABNORMAL_INDUSTRIAL_HEAT,PRIORITY_INSPECTION
109,21.10633,72.64521,332.78,288.69,2026-08-26,0909,6.43,nominal,0.6,D,N21,VIIRS,historical,Gujarat,WEST_GUJARAT,True,0.0,ArcelorMittal Nippon Steel India,works,way/104647203,INSIDE_INDUSTRIAL_ZONE,1.0,CLUSTER_009,0.229,11,48,False,44.089999999999975,,UNLABELED,UNVERIFIED,,,,,,60.35,HIGH,ABNORMAL_INDUSTRIAL_HEAT,PRIORITY_INSPECTION
110,22.4143,69.03838,306.35,290.09,2026-08-26,2138,0.72,nominal,0.6,N,N21,VIIRS,historical,Gujarat,WEST_GUJARAT,True,0.0,Unnamed Industrial Facility,general_industry,way/1311235459,INSIDE_INDUSTRIAL_ZONE,1.0,CLUSTER_018,0.083,4,48,False,16.260000000000048,,UNLABELED,UNVERIFIED,,,,,,46.05,MODERATE,RECURRING_INTERMITTENT_HEAT,ROUTINE_MONITORING
111,21.10197,72.63417,314.93,273.63,2026-08-27,2121,6.06,nominal,0.6,N,N21,VIIRS,historical,Gujarat,WEST_GUJARAT,True,0.0,ArcelorMittal Nippon Steel India,works,way/104647203,INSIDE_INDUSTRIAL_ZONE,1.0,CLUSTER_009,0.229,11,48,False,41.30000000000001,,UNLABELED,UNVERIFIED,,,,,,60.35,HIGH,ABNORMAL_INDUSTRIAL_HEAT,PRIORITY_INSPECTION
112,21.10285,72.63518,315.13,274.69,2026-08-27,2121,3.87,nominal,0.6,N,N21,VIIRS,historical,Gujarat,WEST_GUJARAT,True,0.0,ArcelorMittal Nippon Steel India,works,way/104647203,INSIDE_INDUSTRIAL_ZONE,1.0,CLUSTER_009,0.229,11,48,False,40.44,,UNLABELED,UNVERIFIED,,,,,,60.35,HIGH,ABNORMAL_INDUSTRIAL_HEAT,PRIORITY_INSPECTION
113,21.10449,72.64615,317.36,274.79,2026-08-27,2121,5.35,nominal,0.6,N,N21,VIIRS,historical,Gujarat,WEST_GUJARAT,True,0.0,ArcelorMittal Nippon Steel India,works,way/104647203,INSIDE_INDUSTRIAL_ZONE,1.0,CLUSTER_009,0.229,11,48,False,42.56999999999999,,UNLABELED,UNVERIFIED,,,,,,60.35,HIGH,ABNORMAL_INDUSTRIAL_HEAT,PRIORITY_INSPECTION
114,21.1053,72.64713,317.47,275.42,2026-08-27,2121,5.51,nominal,0.6,N,N21,VIIRS,historical,Gujarat,WEST_GUJARAT,True,0.0,ArcelorMittal Nippon Steel India,works,way/104647203,INSIDE_INDUSTRIAL_ZONE,1.0,CLUSTER_009,0.229,11,48,False,42.05000000000001,,UNLABELED,UNVERIFIED,,,,,,60.35,HIGH,ABNORMAL_INDUSTRIAL_HEAT,PRIORITY_INSPECTION
115,22.92664,70.10658,313.67,293.11,2026-08-27,2121,2.39,nominal,0.6,N,N21,VIIRS,historical,Gujarat,WEST_GUJARAT,True,0.0,Tuna-Tekra Container Terminal,port,way/361301736,INSIDE_INDUSTRIAL_ZONE,1.0,CLUSTER_011,0.083,4,48,False,20.560000000000002,,UNLABELED,UNVERIFIED,,,,,,48.97,MODERATE,RECURRING_INTERMITTENT_HEAT,ROUTINE_MONITORING
116,22.14031,72.23269,312.84,285.47,2026-08-03,0336,32.57,nominal,0.45,D,Terra,MODIS,historical,Gujarat,WEST_GUJARAT,True,0.0,Dholera Solar Park,general_industry,way/1245396806,INSIDE_INDUSTRIAL_ZONE,1.0,CLUSTER_025,0.021,1,48,False,27.369999999999948,,UNLABELED,UNVERIFIED,,,,,,52.6,MODERATE,RECURRING_INTERMITTENT_HEAT,ROUTINE_MONITORING
117,24.07264,69.48524,325.57,290.78,2026-08-03,1117,87.99,nominal,0.79,D,Aqua,MODIS,historical,Gujarat,WEST_GUJARAT,True,0.0,NTPC Khavda,general_industry,way/1336628395,INSIDE_INDUSTRIAL_ZONE,1.0,CLUSTER_026,0.021,1,48,True,34.79000000000002,,UNLABELED,UNVERIFIED,,,,,,86.35,CRITICAL,INDUSTRIAL_FIRE_OUTBREAK,EMERGENCY_DISPATCH
118,24.0728,69.47696,326.64,290.92,2026-08-03,1117,94.41,high,0.8,D,Aqua,MODIS,historical,Gujarat,WEST_GUJARAT,True,0.0,NTPC Khavda,general_industry,way/1336628395,INSIDE_INDUSTRIAL_ZONE,1.0,CLUSTER_027,0.021,1,48,True,35.71999999999997,,UNLABELED,UNVERIFIED,,,,,,88.06,CRITICAL,INDUSTRIAL_FIRE_OUTBREAK,EMERGENCY_DISPATCH
119,21.10234,72.64673,318.62,292.67,2026-08-06,0357,13.09,nominal,0.55,D,Terra,MODIS,historical,Gujarat,WEST_GUJARAT,False,29.8,ArcelorMittal Nippon Steel India,works,way/104647203,NEARBY_INDUSTRIAL_BUFFER,0.8,CLUSTER_009,0.229,11,48,False,25.94999999999999,,UNLABELED,UNVERIFIED,,,,,,60.35,HIGH,ABNORMAL_INDUSTRIAL_HEAT,PRIORITY_INSPECTION
120,21.10371,72.63623,313.8,293.1,2026-08-06,0357,7.82,nominal,0.46,D,Terra,MODIS,historical,Gujarat,WEST_GUJARAT,True,0.0,ArcelorMittal Nippon Steel India,works,way/104647203,INSIDE_INDUSTRIAL_ZONE,1.0,CLUSTER_009,0.229,11,48,False,20.69999999999999,,UNLABELED,UNVERIFIED,,,,,,60.35,HIGH,ABNORMAL_INDUSTRIAL_HEAT,PRIORITY_INSPECTION
121,21.10824,72.64632,301.91,289.62,2026-08-22,1524,6.33,low,0.13,N,Terra,MODIS,historical,Gujarat,WEST_GUJARAT,True,0.0,ArcelorMittal Nippon Steel India,works,way/104647203,INSIDE_INDUSTRIAL_ZONE,1.0,CLUSTER_009,0.229,11,48,False,12.29000000000002,,UNLABELED,UNVERIFIED,,,,,,60.35,HIGH,ABNORMAL_INDUSTRIAL_HEAT,PRIORITY_INSPECTION
122,20.86841,71.39706,303.07,292.83,2026-08-29,2118,2.52,nominal,0.6,N,N,VIIRS,near_real_time,Gujarat,WEST_GUJARAT,True,0.0,Unnamed Industrial Facility,general_industry,way/169375805,INSIDE_INDUSTRIAL_ZONE,1.0,CLUSTER_028,0.021,1,48,False,10.240000000000009,,UNLABELED,UNVERIFIED,,,,,,44.87,MODERATE,RECURRING_INTERMITTENT_HEAT,ROUTINE_MONITORING
123,20.35619,72.94963,305.96,291.96,2026-08-30,2059,1.84,nominal,0.6,N,N,VIIRS,near_real_time,Gujarat,WEST_GUJARAT,False,1701.8,Unnamed Industrial Facility,general_industry,way/755699023,VICINITY_ZONE,0.4,CLUSTER_007,0.062,3,48,False,14.0,,UNLABELED,UNVERIFIED,,,,,,19.71,LOW,NON_INDUSTRIAL_RURAL,BACKGROUND_LOG
124,21.10102,72.63954,295.93,281.97,2026-08-30,2059,0.49,nominal,0.6,N,N,VIIRS,near_real_time,Gujarat,WEST_GUJARAT,False,283.5,ArcelorMittal Nippon Steel India,works,way/104647203,NEARBY_INDUSTRIAL_BUFFER,0.8,CLUSTER_009,0.229,11,48,False,13.95999999999998,,UNLABELED,UNVERIFIED,,,,,,60.35,HIGH,ABNORMAL_INDUSTRIAL_HEAT,PRIORITY_INSPECTION
125,21.1016,72.63586,315.23,282.26,2026-08-30,2059,1.65,nominal,0.6,N,N,VIIRS,near_real_time,Gujarat,WEST_GUJARAT,True,0.0,ArcelorMittal Nippon Steel India,works,way/104647203,INSIDE_INDUSTRIAL_ZONE,1.0,CLUSTER_009,0.229,11,48,False,32.97000000000003,,UNLABELED,UNVERIFIED,,,,,,60.35,HIGH,ABNORMAL_INDUSTRIAL_HEAT,PRIORITY_INSPECTION
126,21.26307,72.94081,312.03,293.36,2026-08-30,2059,2.1,nominal,0.6,N,N,VIIRS,near_real_time,Gujarat,WEST_GUJARAT,False,202.5,Unnamed Industrial Facility,general_industry,way/1227523085,NEARBY_INDUSTRIAL_BUFFER,0.8,CLUSTER_029,0.021,1,48,False,18.66999999999996,,UNLABELED,UNVERIFIED,,,,,,40.17,MODERATE,RECURRING_INTERMITTENT_HEAT,ROUTINE_MONITORING
127,21.79665,72.08905,308.36,292.6,2026-08-30,2059,1.45,nominal,0.6,N,N,VIIRS,near_real_time,Gujarat,WEST_GUJARAT,False,2298.2,Unnamed Industrial Facility,general_industry,way/745642641,VICINITY_ZONE,0.4,CLUSTER_030,0.021,1,48,False,15.759999999999991,,UNLABELED,UNVERIFIED,,,,,,18.66,LOW,NON_INDUSTRIAL_RURAL,BACKGROUND_LOG
128,21.1033,72.63795,337.6,295.6,2026-09-11,0805,5.89,nominal,0.6,D,N,VIIRS,near_real_time,Gujarat,WEST_GUJARAT,False,3.9,ArcelorMittal Nippon Steel India,works,way/104647203,NEARBY_INDUSTRIAL_BUFFER,0.8,CLUSTER_009,0.229,11,48,False,42.0,,UNLABELED,UNVERIFIED,,,,,,60.35,HIGH,ABNORMAL_INDUSTRIAL_HEAT,PRIORITY_INSPECTION
129,21.10511,72.64705,344.32,297.72,2026-09-11,0805,9.15,nominal,0.6,D,N,VIIRS,near_real_time,Gujarat,WEST_GUJARAT,True,0.0,ArcelorMittal Nippon Steel India,works,way/104647203,INSIDE_INDUSTRIAL_ZONE,1.0,CLUSTER_009,0.229,11,48,False,46.599999999999966,,UNLABELED,UNVERIFIED,,,,,,60.35,HIGH,ABNORMAL_INDUSTRIAL_HEAT,PRIORITY_INSPECTION
130,21.10116,72.63661,339.66,291.28,2026-09-11,2034,9.18,nominal,0.6,N,N,VIIRS,near_real_time,Gujarat,WEST_GUJARAT,False,14.2,ArcelorMittal Nippon Steel India,works,way/104647203,NEARBY_INDUSTRIAL_BUFFER,0.8,CLUSTER_009,0.229,11,48,False,48.38000000000005,,UNLABELED,UNVERIFIED,,,,,,60.35,HIGH,ABNORMAL_INDUSTRIAL_HEAT,PRIORITY_INSPECTION
131,21.10441,72.6459,343.3,291.64,2026-09-11,2034,6.65,nominal,0.6,N,N,VIIRS,near_real_time,Gujarat,WEST_GUJARAT,True,0.0,ArcelorMittal Nippon Steel India,works,way/104647203,INSIDE_INDUSTRIAL_ZONE,1.0,CLUSTER_009,0.229,11,48,False,51.660000000000025,,UNLABELED,UNVERIFIED,,,,,,60.35,HIGH,ABNORMAL_INDUSTRIAL_HEAT,PRIORITY_INSPECTION
132,21.10548,72.6372,308.75,290.15,2026-09-11,2034,3.95,nominal,0.6,N,N,VIIRS,near_real_time,Gujarat,WEST_GUJARAT,True,0.0,ArcelorMittal Nippon Steel India,works,way/104647203,INSIDE_INDUSTRIAL_ZONE,1.0,CLUSTER_009,0.229,11,48,False,18.600000000000023,,UNLABELED,UNVERIFIED,,,,,,60.35,HIGH,ABNORMAL_INDUSTRIAL_HEAT,PRIORITY_INSPECTION
133,21.10603,72.64871,309.18,290.5,2026-09-11,2034,7.13,nominal,0.6,N,N,VIIRS,near_real_time,Gujarat,WEST_GUJARAT,True,0.0,ArcelorMittal Nippon Steel India,works,way/104647203,INSIDE_INDUSTRIAL_ZONE,1.0,CLUSTER_009,0.229,11,48,False,18.680000000000007,,UNLABELED,UNVERIFIED,,,,,,60.35,HIGH,ABNORMAL_INDUSTRIAL_HEAT,PRIORITY_INSPECTION
134,21.10653,72.64437,340.24,291.98,2026-09-11,2034,7.13,nominal,0.6,N,N,VIIRS,near_real_time,Gujarat,WEST_GUJARAT,True,0.0,ArcelorMittal Nippon Steel India,works,way/104647203,INSIDE_INDUSTRIAL_ZONE,1.0,CLUSTER_009,0.229,11,48,False,48.25999999999999,,UNLABELED,UNVERIFIED,,,,,,60.35,HIGH,ABNORMAL_INDUSTRIAL_HEAT,PRIORITY_INSPECTION
135,21.10755,72.63565,309.89,290.88,2026-09-11,2034,4.4,nominal,0.6,N,N,VIIRS,near_real_time,Gujarat,WEST_GUJARAT,True,0.0,ArcelorMittal Nippon Steel India,works,way/104647203,INSIDE_INDUSTRIAL_ZONE,1.0,CLUSTER_009,0.229,11,48,False,19.00999999999999,,UNLABELED,UNVERIFIED,,,,,,60.35,HIGH,ABNORMAL_INDUSTRIAL_HEAT,PRIORITY_INSPECTION
136,21.10872,72.64648,311.12,291.06,2026-09-11,2034,6.65,nominal,0.6,N,N,VIIRS,near_real_time,Gujarat,WEST_GUJARAT,True,0.0,ArcelorMittal Nippon Steel India,works,way/104647203,INSIDE_INDUSTRIAL_ZONE,1.0,CLUSTER_009,0.229,11,48,False,20.060000000000002,,UNLABELED,UNVERIFIED,,,,,,60.35,HIGH,ABNORMAL_INDUSTRIAL_HEAT,PRIORITY_INSPECTION
137,21.10979,72.63779,308.22,291.28,2026-09-11,2034,3.95,nominal,0.6,N,N,VIIRS,near_real_time,Gujarat,WEST_GUJARAT,True,0.0,ArcelorMittal Nippon Steel India,works,way/104647203,INSIDE_INDUSTRIAL_ZONE,1.0,CLUSTER_009,0.229,11,48,False,16.940000000000055,,UNLABELED,UNVERIFIED,,,,,,60.35,HIGH,ABNORMAL_INDUSTRIAL_HEAT,PRIORITY_INSPECTION
138,21.16485,72.6702,335.84,290.35,2026-09-11,2034,10.53,nominal,0.6,N,N,VIIRS,near_real_time,Gujarat,WEST_GUJARAT,True,0.0,Reliance,works,way/661885047,INSIDE_INDUSTRIAL_ZONE,1.0,CLUSTER_031,0.021,1,48,False,45.48999999999995,,UNLABELED,UNVERIFIED,,,,,,50.22,MODERATE,RECURRING_INTERMITTENT_HEAT,ROUTINE_MONITORING
139,21.16537,72.66583,334.66,289.32,2026-09-11,2034,10.37,nominal,0.6,N,N,VIIRS,near_real_time,Gujarat,WEST_GUJARAT,True,0.0,Unnamed Industrial Facility,general_industry,way/104647201,INSIDE_INDUSTRIAL_ZONE,1.0,CLUSTER_031,0.021,1,48,False,45.34000000000003,,UNLABELED,UNVERIFIED,,,,,,50.22,MODERATE,RECURRING_INTERMITTENT_HEAT,ROUTINE_MONITORING
140,22.41649,69.03779,312.23,291.92,2026-09-11,2034,1.4,nominal,0.6,N,N,VIIRS,near_real_time,Gujarat,WEST_GUJARAT,False,10.9,Unnamed Industrial Facility,general_industry,way/1311235459,NEARBY_INDUSTRIAL_BUFFER,0.8,CLUSTER_018,0.083,4,48,False,20.310000000000002,,UNLABELED,UNVERIFIED,,,,,,46.05,MODERATE,RECURRING_INTERMITTENT_HEAT,ROUTINE_MONITORING
141,22.9267,69.82265,307.63,291.83,2026-09-11,2034,0.89,nominal,0.6,N,N,VIIRS,near_real_time,Gujarat,WEST_GUJARAT,True,0.0,Unnamed Industrial Facility,general_industry,way/839105241,INSIDE_INDUSTRIAL_ZONE,1.0,CLUSTER_019,0.062,3,48,False,15.800000000000011,,UNLABELED,UNVERIFIED,,,,,,44.75,MODERATE,RECURRING_INTERMITTENT_HEAT,ROUTINE_MONITORING
142,22.93276,69.70088,303.67,288.44,2026-09-11,2034,0.56,nominal,0.6,N,N,VIIRS,near_real_time,Gujarat,WEST_GUJARAT,False,119.9,Unnamed Industrial Facility,general_industry,way/1002375165,NEARBY_INDUSTRIAL_BUFFER,0.8,CLUSTER_012,0.083,4,48,False,15.230000000000018,,UNLABELED,UNVERIFIED,,,,,,45.0,MODERATE,RECURRING_INTERMITTENT_HEAT,ROUTINE_MONITORING
143,22.9331,69.69727,306.91,288.63,2026-09-11,2034,0.56,nominal,0.6,N,N,VIIRS,near_real_time,Gujarat,WEST_GUJARAT,False,491.3,Unnamed Industrial Facility,general_industry,way/1002375165,NEARBY_INDUSTRIAL_BUFFER,0.8,CLUSTER_012,0.083,4,48,False,18.28000000000003,,UNLABELED,UNVERIFIED,,,,,,45.0,MODERATE,RECURRING_INTERMITTENT_HEAT,ROUTINE_MONITORING
144,23.26521,70.25777,304.89,292.8,2026-09-11,2034,0.85,nominal,0.6,N,N,VIIRS,near_real_time,Gujarat,WEST_GUJARAT,True,0.0,Unnamed Industrial Facility,general_industry,way/1263812739,INSIDE_INDUSTRIAL_ZONE,1.0,CLUSTER_032,0.021,1,48,False,12.089999999999975,,UNLABELED,UNVERIFIED,,,,,,44.46,MODERATE,RECURRING_INTERMITTENT_HEAT,ROUTINE_MONITORING
145,23.50945,69.26907,336.81,294.22,2026-09-12,0928,5.28,nominal,0.6,D,N,VIIRS,near_real_time,Gujarat,WEST_GUJARAT,False,13698.0,Unnamed Industrial Facility,general_industry,way/1263553236,NON_INDUSTRIAL_RURAL,0.1,CLUSTER_033,0.021,1,48,False,42.589999999999975,,UNLABELED,UNVERIFIED,,,,,,20.56,LOW,NON_INDUSTRIAL_RURAL,BACKGROUND_LOG
146,20.86672,70.56433,305.24,285.31,2026-09-15,2059,0.73,nominal,0.6,N,N,VIIRS,near_real_time,Gujarat,WEST_GUJARAT,True,0.0,Gujarat Sidhee Cement,general_industry,way/169375804,INSIDE_INDUSTRIAL_ZONE,1.0,CLUSTER_034,0.021,1,48,False,19.930000000000007,,UNLABELED,UNVERIFIED,,,,,,44.43,MODERATE,RECURRING_INTERMITTENT_HEAT,ROUTINE_MONITORING
147,21.82372,73.11503,308.73,288.49,2026-09-15,2059,1.1,nominal,0.6,N,N,VIIRS,near_real_time,Gujarat,WEST_GUJARAT,True,0.0,NTPC Jhanor-Gandhar,general_industry,way/147486451,INSIDE_INDUSTRIAL_ZONE,1.0,CLUSTER_035,0.021,1,48,False,20.24000000000001,,UNLABELED,UNVERIFIED,,,,,,44.52,MODERATE,RECURRING_INTERMITTENT_HEAT,ROUTINE_MONITORING
148,20.35746,72.95112,310.17,290.57,2026-09-16,2042,0.73,nominal,0.6,N,N,VIIRS,near_real_time,Gujarat,WEST_GUJARAT,False,1711.9,Unnamed Industrial Facility,general_industry,way/755699023,VICINITY_ZONE,0.4,CLUSTER_007,0.062,3,48,False,19.600000000000023,,UNLABELED,UNVERIFIED,,,,,,19.71,LOW,NON_INDUSTRIAL_RURAL,BACKGROUND_LOG
149,21.10248,72.64323,304.86,290.56,2026-09-16,2042,5.92,nominal,0.6,N,N,VIIRS,near_real_time,Gujarat,WEST_GUJARAT,False,100.2,ArcelorMittal Nippon Steel India,works,way/104647203,NEARBY_INDUSTRIAL_BUFFER,0.8,CLUSTER_009,0.229,11,48,False,14.300000000000011,,UNLABELED,UNVERIFIED,,,,,,60.35,HIGH,ABNORMAL_INDUSTRIAL_HEAT,PRIORITY_INSPECTION
150,21.10314,72.63384,333.46,292.01,2026-09-16,2042,19.9,nominal,0.6,N,N,VIIRS,near_real_time,Gujarat,WEST_GUJARAT,True,0.0,ArcelorMittal Nippon Steel India,works,way/104647203,INSIDE_INDUSTRIAL_ZONE,1.0,CLUSTER_009,0.229,11,48,False,41.44999999999999,,UNLABELED,UNVERIFIED,,,,,,60.35,HIGH,ABNORMAL_INDUSTRIAL_HEAT,PRIORITY_INSPECTION
151,21.10318,72.63799,326.28,291.71,2026-09-16,2042,5.92,nominal,0.6,N,N,VIIRS,near_real_time,Gujarat,WEST_GUJARAT,False,17.5,ArcelorMittal Nippon Steel India,works,way/104647203,NEARBY_INDUSTRIAL_BUFFER,0.8,CLUSTER_009,0.229,11,48,False,34.56999999999999,,UNLABELED,UNVERIFIED,,,,,,60.35,HIGH,ABNORMAL_INDUSTRIAL_HEAT,PRIORITY_INSPECTION
152,21.10388,72.63271,330.15,290.73,2026-09-16,2042,12.4,nominal,0.6,N,N,VIIRS,near_real_time,Gujarat,WEST_GUJARAT,True,0.0,ArcelorMittal Nippon Steel India,works,way/104647203,INSIDE_INDUSTRIAL_ZONE,1.0,CLUSTER_009,0.229,11,48,False,39.41999999999996,,UNLABELED,UNVERIFIED,,,,,,60.35,HIGH,ABNORMAL_INDUSTRIAL_HEAT,PRIORITY_INSPECTION
153,21.10505,72.65024,305.8,290.79,2026-09-16,2042,11.63,nominal,0.6,N,N,VIIRS,near_real_time,Gujarat,WEST_GUJARAT,True,0.0,ArcelorMittal Nippon Steel India,works,way/104647203,INSIDE_INDUSTRIAL_ZONE,1.0,CLUSTER_009,0.229,11,48,False,15.009999999999991,,UNLABELED,UNVERIFIED,,,,,,60.35,HIGH,ABNORMAL_INDUSTRIAL_HEAT,PRIORITY_INSPECTION
154,21.10572,72.64497,340.61,292.51,2026-09-16,2042,11.63,nominal,0.6,N,N,VIIRS,near_real_time,Gujarat,WEST_GUJARAT,True,0.0,ArcelorMittal Nippon Steel India,works,way/104647203,INSIDE_INDUSTRIAL_ZONE,1.0,CLUSTER_009,0.229,11,48,False,48.10000000000002,,UNLABELED,UNVERIFIED,,,,,,60.35,HIGH,ABNORMAL_INDUSTRIAL_HEAT,PRIORITY_INSPECTION
155,21.10963,72.64555,306.28,291.24,2026-09-16,2042,4.81,nominal,0.6,N,N,VIIRS,near_real_time,Gujarat,WEST_GUJARAT,True,0.0,ArcelorMittal Nippon Steel India,works,way/104647203,INSIDE_INDUSTRIAL_ZONE,1.0,CLUSTER_009,0.229,11,48,False,15.039999999999964,,UNLABELED,UNVERIFIED,,,,,,60.35,HIGH,ABNORMAL_INDUSTRIAL_HEAT,PRIORITY_INSPECTION
156,21.11097,72.63501,309.85,291.62,2026-09-16,2042,5.53,nominal,0.6,N,N,VIIRS,near_real_time,Gujarat,WEST_GUJARAT,True,0.0,ArcelorMittal Nippon Steel India,works,way/104647203,INSIDE_INDUSTRIAL_ZONE,1.0,CLUSTER_009,0.229,11,48,False,18.230000000000018,,UNLABELED,UNVERIFIED,,,,,,60.35,HIGH,ABNORMAL_INDUSTRIAL_HEAT,PRIORITY_INSPECTION
157,21.10249,72.63689,367.0,292.62,2026-09-17,0754,9.37,high,0.9,D,N,VIIRS,near_real_time,Gujarat,WEST_GUJARAT,True,0.0,ArcelorMittal Nippon Steel India,works,way/104647203,INSIDE_INDUSTRIAL_ZONE,1.0,CLUSTER_009,0.229,11,48,False,74.38,,UNLABELED,UNVERIFIED,,,,,,60.35,HIGH,ABNORMAL_INDUSTRIAL_HEAT,PRIORITY_INSPECTION
158,21.10482,72.64775,343.6,293.04,2026-09-17,0754,6.57,nominal,0.6,D,N,VIIRS,near_real_time,Gujarat,WEST_GUJARAT,True,0.0,ArcelorMittal Nippon Steel India,works,way/104647203,INSIDE_INDUSTRIAL_ZONE,1.0,CLUSTER_009,0.229,11,48,False,50.56,,UNLABELED,UNVERIFIED,,,,,,60.35,HIGH,ABNORMAL_INDUSTRIAL_HEAT,PRIORITY_INSPECTION
159,21.10117,72.63416,347.21,289.41,2026-09-17,2021,6.23,nominal,0.6,N,N,VIIRS,near_real_time,Gujarat,WEST_GUJARAT,True,0.0,ArcelorMittal Nippon Steel India,works,way/104647203,INSIDE_INDUSTRIAL_ZONE,1.0,CLUSTER_009,0.229,11,48,False,57.799999999999955,,UNLABELED,UNVERIFIED,,,,,,60.35,HIGH,ABNORMAL_INDUSTRIAL_HEAT,PRIORITY_INSPECTION
160,21.10167,72.6454,305.38,289.03,2026-09-17,2021,1.57,nominal,0.6,N,N,VIIRS,near_real_time,Gujarat,WEST_GUJARAT,False,134.7,ArcelorMittal Nippon Steel India,works,way/104647203,NEARBY_INDUSTRIAL_BUFFER,0.8,CLUSTER_009,0.229,11,48,False,16.350000000000023,,UNLABELED,UNVERIFIED,,,,,,60.35,HIGH,ABNORMAL_INDUSTRIAL_HEAT,PRIORITY_INSPECTION
161,21.10278,72.63486,350.06,289.59,2026-09-17,2021,5.74,nominal,0.6,N,N,VIIRS,near_real_time,Gujarat,WEST_GUJARAT,True,0.0,ArcelorMittal Nippon Steel India,works,way/104647203,INSIDE_INDUSTRIAL_ZONE,1.0,CLUSTER_009,0.229,11,48,False,60.47000000000003,,UNLABELED,UNVERIFIED,,,,,,60.35,HIGH,ABNORMAL_INDUSTRIAL_HEAT,PRIORITY_INSPECTION
162,21.10547,72.64535,344.2,290.06,2026-09-17,2021,7.41,nominal,0.6,N,N,VIIRS,near_real_time,Gujarat,WEST_GUJARAT,True,0.0,ArcelorMittal Nippon Steel India,works,way/104647203,INSIDE_INDUSTRIAL_ZONE,1.0,CLUSTER_009,0.229,11,48,False,54.139999999999986,,UNLABELED,UNVERIFIED,,,,,,60.35,HIGH,ABNORMAL_INDUSTRIAL_HEAT,PRIORITY_INSPECTION
163,21.1065,72.6348,304.79,289.14,2026-09-17,2021,2.02,nominal,0.6,N,N,VIIRS,near_real_time,Gujarat,WEST_GUJARAT,True,0.0,ArcelorMittal Nippon Steel India,works,way/104647203,INSIDE_INDUSTRIAL_ZONE,1.0,CLUSTER_009,0.229,11,48,False,15.650000000000034,,UNLABELED,UNVERIFIED,,,,,,60.35,HIGH,ABNORMAL_INDUSTRIAL_HEAT,PRIORITY_INSPECTION
164,21.10699,72.64602,340.1,290.47,2026-09-17,2021,6.14,nominal,0.6,N,N,VIIRS,near_real_time,Gujarat,WEST_GUJARAT,True,0.0,ArcelorMittal Nippon Steel India,works,way/104647203,INSIDE_INDUSTRIAL_ZONE,1.0,CLUSTER_009,0.229,11,48,False,49.629999999999995,,UNLABELED,UNVERIFIED,,,,,,60.35,HIGH,ABNORMAL_INDUSTRIAL_HEAT,PRIORITY_INSPECTION
165,21.1081,72.6355,313.63,289.45,2026-09-17,2021,1.76,nominal,0.6,N,N,VIIRS,near_real_time,Gujarat,WEST_GUJARAT,True,0.0,ArcelorMittal Nippon Steel India,works,way/104647203,INSIDE_INDUSTRIAL_ZONE,1.0,CLUSTER_009,0.229,11,48,False,24.180000000000007,,UNLABELED,UNVERIFIED,,,,,,60.35,HIGH,ABNORMAL_INDUSTRIAL_HEAT,PRIORITY_INSPECTION
166,21.11183,72.63544,319.84,289.3,2026-09-17,2021,2.02,nominal,0.6,N,N,VIIRS,near_real_time,Gujarat,WEST_GUJARAT,True,0.0,ArcelorMittal Nippon Steel India,works,way/104647203,INSIDE_INDUSTRIAL_ZONE,1.0,CLUSTER_009,0.229,11,48,False,30.539999999999964,,UNLABELED,UNVERIFIED,,,,,,60.35,HIGH,ABNORMAL_INDUSTRIAL_HEAT,PRIORITY_INSPECTION
167,21.11343,72.63612,310.65,289.62,2026-09-17,2021,1.76,nominal,0.6,N,N,VIIRS,near_real_time,Gujarat,WEST_GUJARAT,True,0.0,ArcelorMittal Nippon Steel India,works,way/104647203,INSIDE_INDUSTRIAL_ZONE,1.0,CLUSTER_009,0.229,11,48,False,21.029999999999973,,UNLABELED,UNVERIFIED,,,,,,60.35,HIGH,ABNORMAL_INDUSTRIAL_HEAT,PRIORITY_INSPECTION
168,21.43239,72.97762,321.76,288.68,2026-09-17,2021,1.98,nominal,0.6,N,N,VIIRS,near_real_time,Gujarat,WEST_GUJARAT,False,1340.7,Unnamed Industrial Facility,general_industry,way/678612994,VICINITY_ZONE,0.4,CLUSTER_036,0.021,1,48,False,33.079999999999984,,UNLABELED,UNVERIFIED,,,,,,21.77,LOW,NON_INDUSTRIAL_RURAL,BACKGROUND_LOG
169,20.90883,71.46107,303.82,291.5,2026-09-18,2144,1.13,nominal,0.6,N,N,VIIRS,near_real_time,Gujarat,WEST_GUJARAT,True,0.0,Unnamed Industrial Facility,general_industry,way/169375800,INSIDE_INDUSTRIAL_ZONE,1.0,CLUSTER_008,0.083,4,48,False,12.319999999999993,,UNLABELED,UNVERIFIED,,,,,,45.06,MODERATE,RECURRING_INTERMITTENT_HEAT,ROUTINE_MONITORING
170,20.90962,71.4575,302.08,291.09,2026-09-18,2144,1.36,nominal,0.6,N,N,VIIRS,near_real_time,Gujarat,WEST_GUJARAT,False,47.4,Unnamed Industrial Facility,general_industry,way/169375800,NEARBY_INDUSTRIAL_BUFFER,0.8,CLUSTER_008,0.083,4,48,False,10.990000000000009,,UNLABELED,UNVERIFIED,,,,,,45.06,MODERATE,RECURRING_INTERMITTENT_HEAT,ROUTINE_MONITORING
171,22.31089,69.71923,313.71,293.22,2026-09-18,2144,1.74,nominal,0.6,N,N,VIIRS,near_real_time,Gujarat,WEST_GUJARAT,True,0.0,Vadinar Refinery,oil,way/197338462,INSIDE_INDUSTRIAL_ZONE,1.0,CLUSTER_037,0.021,1,48,False,20.489999999999952,,UNLABELED,UNVERIFIED,,,,,,45.16,MODERATE,RECURRING_INTERMITTENT_HEAT,ROUTINE_MONITORING
172,23.2587,70.26107,304.02,291.25,2026-09-18,2144,0.96,nominal,0.6,N,N,VIIRS,near_real_time,Gujarat,WEST_GUJARAT,True,0.0,Unnamed Industrial Facility,general_industry,way/1263812739,INSIDE_INDUSTRIAL_ZONE,1.0,CLUSTER_016,0.042,2,48,False,12.769999999999982,,UNLABELED,UNVERIFIED,,,,,,44.48,MODERATE,RECURRING_INTERMITTENT_HEAT,ROUTINE_MONITORING
173,19.0112,72.892,348.2,298.0,2026-08-20,0830,24.5,nominal,0.7,D,N,VIIRS,historical,Maharashtra,WEST_MAHARASHTRA,False,685.3,HPCL Mumbai Refinery (Mahul),oil_refinery,national_hpcl_mumbai_refinery,NEARBY_INDUSTRIAL_BUFFER,0.8,CLUSTER_038,0.104,5,48,False,50.19999999999999,,UNLABELED,UNVERIFIED,,,,,,44.01,MODERATE,RECURRING_INTERMITTENT_HEAT,ROUTINE_MONITORING
174,19.0115,72.8922,351.0,299.1,2026-08-21,0815,27.2,nominal,0.7,D,N,VIIRS,historical,Maharashtra,WEST_MAHARASHTRA,False,647.7,HPCL Mumbai Refinery (Mahul),oil_refinery,national_hpcl_mumbai_refinery,NEARBY_INDUSTRIAL_BUFFER,0.8,CLUSTER_038,0.104,5,48,False,51.89999999999998,,UNLABELED,UNVERIFIED,,,,,,44.01,MODERATE,RECURRING_INTERMITTENT_HEAT,ROUTINE_MONITORING
175,19.011,72.8918,353.4,300.5,2026-08-22,0800,31.0,high,0.9,D,N,VIIRS,historical,Maharashtra,WEST_MAHARASHTRA,False,712.2,HPCL Mumbai Refinery (Mahul),oil_refinery,national_hpcl_mumbai_refinery,NEARBY_INDUSTRIAL_BUFFER,0.8,CLUSTER_038,0.104,5,48,False,52.89999999999998,,UNLABELED,UNVERIFIED,,,,,,44.01,MODERATE,RECURRING_INTERMITTENT_HEAT,ROUTINE_MONITORING
176,19.0114,72.8921,356.1,301.8,2026-08-23,0845,33.8,high,0.9,D,N,VIIRS,historical,Maharashtra,WEST_MAHARASHTRA,False,661.1,HPCL Mumbai Refinery (Mahul),oil_refinery,national_hpcl_mumbai_refinery,NEARBY_INDUSTRIAL_BUFFER,0.8,CLUSTER_038,0.104,5,48,False,54.30000000000001,,UNLABELED,UNVERIFIED,,,,,,44.01,MODERATE,RECURRING_INTERMITTENT_HEAT,ROUTINE_MONITORING
177,19.0113,72.8919,358.5,302.2,2026-08-24,0820,36.5,high,0.9,D,N,VIIRS,near_real_time,Maharashtra,WEST_MAHARASHTRA,False,677.3,HPCL Mumbai Refinery (Mahul),oil_refinery,national_hpcl_mumbai_refinery,NEARBY_INDUSTRIAL_BUFFER,0.8,CLUSTER_038,0.104,5,48,False,56.30000000000001,,UNLABELED,UNVERIFIED,,,,,,44.01,MODERATE,RECURRING_INTERMITTENT_HEAT,ROUTINE_MONITORING
178,19.0734,73.1182,382.4,312.0,2026-08-24,0820,74.2,high,0.95,D,N,VIIRS,near_real_time,Maharashtra,WEST_MAHARASHTRA,False,662.8,MIDC Taloja Chemical Zone,chemical_estate,national_midc_taloja_chemical,NEARBY_INDUSTRIAL_BUFFER,0.8,CLUSTER_039,0.021,1,48,True,70.39999999999998,,UNLABELED,UNVERIFIED,,,,,,82.12,CRITICAL,INDUSTRIAL_FIRE_OUTBREAK,EMERGENCY_DISPATCH
179,19.0738,73.1186,394.0,322.5,2026-08-24,2045,98.6,high,0.95,N,N,VIIRS,near_real_time,Maharashtra,WEST_MAHARASHTRA,False,637.0,MIDC Taloja Chemical Zone,chemical_estate,national_midc_taloja_chemical,NEARBY_INDUSTRIAL_BUFFER,0.8,CLUSTER_039,0.021,1,48,True,71.5,,UNLABELED,UNVERIFIED,,,,,,82.12,CRITICAL,INDUSTRIAL_FIRE_OUTBREAK,EMERGENCY_DISPATCH
180,19.821,72.695,344.0,296.8,2026-08-22,0800,18.2,nominal,0.7,D,N,VIIRS,historical,Maharashtra,WEST_MAHARASHTRA,False,945.6,MIDC Tarapur Industrial Area,chemical_and_pharmaceutical,national_midc_tarapur_industr,NEARBY_INDUSTRIAL_BUFFER,0.8,CLUSTER_040,0.062,3,48,False,47.19999999999999,,UNLABELED,UNVERIFIED,,,,,,34.17,MODERATE,RECURRING_INTERMITTENT_HEAT,ROUTINE_MONITORING
181,19.8214,72.6955,346.5,298.0,2026-08-23,0845,21.4,nominal,0.7,D,N,VIIRS,historical,Maharashtra,WEST_MAHARASHTRA,False,896.7,MIDC Tarapur Industrial Area,chemical_and_pharmaceutical,national_midc_tarapur_industr,NEARBY_INDUSTRIAL_BUFFER,0.8,CLUSTER_040,0.062,3,48,False,48.5,,UNLABELED,UNVERIFIED,,,,,,34.17,MODERATE,RECURRING_INTERMITTENT_HEAT,ROUTINE_MONITORING
182,19.8212,72.6952,349.8,299.4,2026-08-24,0820,25.4,high,0.85,D,N,VIIRS,near_real_time,Maharashtra,WEST_MAHARASHTRA,False,926.1,MIDC Tarapur Industrial Area,chemical_and_pharmaceutical,national_midc_tarapur_industr,NEARBY_INDUSTRIAL_BUFFER,0.8,CLUSTER_040,0.062,3,48,False,50.400000000000034,,UNLABELED,UNVERIFIED,,,,,,34.17,MODERATE,RECURRING_INTERMITTENT_HEAT,ROUTINE_MONITORING
183,19.45,74.2,332.0,293.0,2026-08-23,0845,4.8,nominal,0.5,D,N,VIIRS,historical,Maharashtra,WEST_MAHARASHTRA,False,73047.7,Unnamed Industrial Facility,general_industry,way/1471883309,NON_INDUSTRIAL_RURAL,0.1,CLUSTER_041,0.021,1,48,False,39.0,,UNLABELED,UNVERIFIED,,,,,,19.81,LOW,NON_INDUSTRIAL_RURAL,BACKGROUND_LOG
184,29.412,76.924,349.5,298.5,2026-08-20,0830,26.5,nominal,0.7,D,N,VIIRS,historical,Haryana,NORTH_NCR,True,0.0,IOCL Panipat Petrochemical Complex,oil_refinery,national_iocl_panipat_petroch,INSIDE_INDUSTRIAL_ZONE,1.0,CLUSTER_042,0.104,5,48,False,51.0,,UNLABELED,UNVERIFIED,,,,,,60.3,HIGH,ABNORMAL_INDUSTRIAL_HEAT,PRIORITY_INSPECTION
185,29.4123,76.9242,352.8,299.8,2026-08-21,0815,29.4,nominal,0.7,D,N,VIIRS,historical,Haryana,NORTH_NCR,True,0.0,IOCL Panipat Petrochemical Complex,oil_refinery,national_iocl_panipat_petroch,INSIDE_INDUSTRIAL_ZONE,1.0,CLUSTER_042,0.104,5,48,False,53.0,,UNLABELED,UNVERIFIED,,,,,,60.3,HIGH,ABNORMAL_INDUSTRIAL_HEAT,PRIORITY_INSPECTION
186,29.4119,76.9238,355.2,301.0,2026-08-22,0800,32.8,high,0.9,D,N,VIIRS,historical,Haryana,NORTH_NCR,True,0.0,IOCL Panipat Petrochemical Complex,oil_refinery,national_iocl_panipat_petroch,INSIDE_INDUSTRIAL_ZONE,1.0,CLUSTER_042,0.104,5,48,False,54.19999999999999,,UNLABELED,UNVERIFIED,,,,,,60.3,HIGH,ABNORMAL_INDUSTRIAL_HEAT,PRIORITY_INSPECTION
187,29.4122,76.9241,358.4,302.5,2026-08-23,0845,35.6,high,0.9,D,N,VIIRS,historical,Haryana,NORTH_NCR,True,0.0,IOCL Panipat Petrochemical Complex,oil_refinery,national_iocl_panipat_petroch,INSIDE_INDUSTRIAL_ZONE,1.0,CLUSTER_042,0.104,5,48,False,55.89999999999998,,UNLABELED,UNVERIFIED,,,,,,60.3,HIGH,ABNORMAL_INDUSTRIAL_HEAT,PRIORITY_INSPECTION
188,29.4121,76.9239,361.0,303.8,2026-08-24,0820,38.2,high,0.9,D,N,VIIRS,near_real_time,Haryana,NORTH_NCR,True,0.0,IOCL Panipat Petrochemical Complex,oil_refinery,national_iocl_panipat_petroch,INSIDE_INDUSTRIAL_ZONE,1.0,CLUSTER_042,0.104,5,48,False,57.19999999999999,,UNLABELED,UNVERIFIED,,,,,,60.3,HIGH,ABNORMAL_INDUSTRIAL_HEAT,PRIORITY_INSPECTION
189,28.354,76.942,378.0,310.5,2026-08-24,0820,68.5,high,0.95,D,N,VIIRS,near_real_time,Delhi NCR,NORTH_NCR,False,18228.3,Bhiwadi RIICO Industrial Cluster,general_industry,national_bhiwadi_riico_indust,NON_INDUSTRIAL_RURAL,0.1,CLUSTER_043,0.021,1,48,True,67.5,,UNLABELED,UNVERIFIED,,,,,,66.54,HIGH,ABNORMAL_INDUSTRIAL_HEAT,PRIORITY_INSPECTION
190,28.3545,76.9425,389.5,319.0,2026-08-24,2045,89.2,high,0.95,N,N,VIIRS,near_real_time,Delhi NCR,NORTH_NCR,False,18301.4,Bhiwadi RIICO Industrial Cluster,general_industry,national_bhiwadi_riico_indust,NON_INDUSTRIAL_RURAL,0.1,CLUSTER_043,0.021,1,48,True,70.5,,UNLABELED,UNVERIFIED,,,,,,66.54,HIGH,ABNORMAL_INDUSTRIAL_HEAT,PRIORITY_INSPECTION
191,27.422,77.691,346.0,297.2,2026-08-21,0815,21.0,nominal,0.7,D,N,VIIRS,historical,Uttar Pradesh,NORTH_NCR,False,513.2,IOCL Mathura Refinery,oil_refinery,national_iocl_mathura_refiner,NEARBY_INDUSTRIAL_BUFFER,0.8,CLUSTER_044,0.062,3,48,False,48.80000000000001,,UNLABELED,UNVERIFIED,,,,,,45.67,MODERATE,RECURRING_INTERMITTENT_HEAT,ROUTINE_MONITORING
192,27.4224,77.6915,348.5,298.5,2026-08-22,0800,24.8,nominal,0.7,D,N,VIIRS,historical,Uttar Pradesh,NORTH_NCR,False,570.8,IOCL Mathura Refinery,oil_refinery,national_iocl_mathura_refiner,NEARBY_INDUSTRIAL_BUFFER,0.8,CLUSTER_044,0.062,3,48,False,50.0,,UNLABELED,UNVERIFIED,,,,,,45.67,MODERATE,RECURRING_INTERMITTENT_HEAT,ROUTINE_MONITORING
193,27.4222,77.6912,354.0,300.8,2026-08-24,0820,32.5,high,0.9,D,N,VIIRS,near_real_time,Uttar Pradesh,NORTH_NCR,False,537.0,IOCL Mathura Refinery,oil_refinery,national_iocl_mathura_refiner,NEARBY_INDUSTRIAL_BUFFER,0.8,CLUSTER_044,0.062,3,48,False,53.19999999999999,,UNLABELED,UNVERIFIED,,,,,,45.67,MODERATE,RECURRING_INTERMITTENT_HEAT,ROUTINE_MONITORING
194,29.12,76.35,334.5,294.0,2026-08-23,0845,5.6,nominal,0.5,D,N,VIIRS,historical,Haryana,NORTH_NCR,False,63406.5,IOCL Panipat Petrochemical Complex,oil_refinery,national_iocl_panipat_petroch,NON_INDUSTRIAL_RURAL,0.1,CLUSTER_045,0.021,1,48,False,40.5,,UNLABELED,UNVERIFIED,,,,,,20.34,LOW,NON_INDUSTRIAL_RURAL,BACKGROUND_LOG
195,20.284,86.632,352.0,299.5,2026-08-20,0830,31.0,nominal,0.7,D,N,VIIRS,historical,Odisha,EAST_MINERAL_BELT,False,36.5,IOCL Paradip Refinery Complex,oil_refinery,national_iocl_paradip_refiner,NEARBY_INDUSTRIAL_BUFFER,0.8,CLUSTER_046,0.104,5,48,False,52.5,,UNLABELED,UNVERIFIED,,,,,,62.69,HIGH,ABNORMAL_INDUSTRIAL_HEAT,PRIORITY_INSPECTION
196,20.2843,86.6322,355.4,301.2,2026-08-21,0815,35.8,nominal,0.7,D,N,VIIRS,historical,Odisha,EAST_MINERAL_BELT,False,12.7,IOCL Paradip Refinery Complex,oil_refinery,national_iocl_paradip_refiner,NEARBY_INDUSTRIAL_BUFFER,0.8,CLUSTER_046,0.104,5,48,False,54.19999999999999,,UNLABELED,UNVERIFIED,,,,,,62.69,HIGH,ABNORMAL_INDUSTRIAL_HEAT,PRIORITY_INSPECTION
197,20.2839,86.6318,359.0,303.0,2026-08-22,0800,40.2,high,0.9,D,N,VIIRS,historical,Odisha,EAST_MINERAL_BELT,False,40.1,IOCL Paradip Refinery Complex,oil_refinery,national_iocl_paradip_refiner,NEARBY_INDUSTRIAL_BUFFER,0.8,CLUSTER_046,0.104,5,48,False,56.0,,UNLABELED,UNVERIFIED,,,,,,62.69,HIGH,ABNORMAL_INDUSTRIAL_HEAT,PRIORITY_INSPECTION
198,20.2842,86.6321,362.5,304.8,2026-08-23,0845,43.5,high,0.9,D,N,VIIRS,historical,Odisha,EAST_MINERAL_BELT,False,19.4,IOCL Paradip Refinery Complex,oil_refinery,national_iocl_paradip_refiner,NEARBY_INDUSTRIAL_BUFFER,0.8,CLUSTER_046,0.104,5,48,False,57.69999999999999,,UNLABELED,UNVERIFIED,,,,,,62.69,HIGH,ABNORMAL_INDUSTRIAL_HEAT,PRIORITY_INSPECTION
199,20.2841,86.6319,366.0,306.0,2026-08-24,0820,46.5,high,0.9,D,N,VIIRS,near_real_time,Odisha,EAST_MINERAL_BELT,False,22.4,IOCL Paradip Refinery Complex,oil_refinery,national_iocl_paradip_refiner,NEARBY_INDUSTRIAL_BUFFER,0.8,CLUSTER_046,0.104,5,48,False,60.0,,UNLABELED,UNVERIFIED,,,,,,62.69,HIGH,ABNORMAL_INDUSTRIAL_HEAT,PRIORITY_INSPECTION
200,22.783,86.211,358.0,302.0,2026-08-21,0815,38.5,high,0.85,D,N,VIIRS,historical,Jharkhand,EAST_MINERAL_BELT,False,557.2,Tata Steel Jamshedpur Works,steel_and_heavy_industry,national_tata_steel_jamshedpu,NEARBY_INDUSTRIAL_BUFFER,0.8,CLUSTER_047,0.062,3,48,True,56.0,,UNLABELED,UNVERIFIED,,,,,,70.41,HIGH,ABNORMAL_INDUSTRIAL_HEAT,PRIORITY_INSPECTION
201,22.7834,86.2114,363.0,304.5,2026-08-22,0800,44.2,high,0.9,D,N,VIIRS,historical,Jharkhand,EAST_MINERAL_BELT,False,608.7,Tata Steel Jamshedpur Works,steel_and_heavy_industry,national_tata_steel_jamshedpu,NEARBY_INDUSTRIAL_BUFFER,0.8,CLUSTER_047,0.062,3,48,True,58.5,,UNLABELED,UNVERIFIED,,,,,,70.41,HIGH,ABNORMAL_INDUSTRIAL_HEAT,PRIORITY_INSPECTION
202,22.7832,86.2112,369.5,308.0,2026-08-24,0820,54.0,high,0.95,D,N,VIIRS,near_real_time,Jharkhand,EAST_MINERAL_BELT,False,582.6,Tata Steel Jamshedpur Works,steel_and_heavy_industry,national_tata_steel_jamshedpu,NEARBY_INDUSTRIAL_BUFFER,0.8,CLUSTER_047,0.062,3,48,True,61.5,,UNLABELED,UNVERIFIED,,,,,,70.41,HIGH,ABNORMAL_INDUSTRIAL_HEAT,PRIORITY_INSPECTION
203,21.185,81.385,372.0,314.0,2026-08-24,0820,68.0,high,0.95,D,N,VIIRS,near_real_time,Chhattisgarh,EAST_MINERAL_BELT,False,115.1,SAIL Bhilai Steel Plant,steel_and_heavy_industry,national_sail_bhilai_steel_pl,NEARBY_INDUSTRIAL_BUFFER,0.8,CLUSTER_048,0.021,1,48,True,58.0,,UNLABELED,UNVERIFIED,,,,,,87.92,CRITICAL,INDUSTRIAL_FIRE_OUTBREAK,EMERGENCY_DISPATCH
204,21.1855,81.3855,380.0,321.8,2026-08-24,2045,76.5,high,0.95,N,N,VIIRS,near_real_time,Chhattisgarh,EAST_MINERAL_BELT,False,191.2,SAIL Bhilai Steel Plant,steel_and_heavy_industry,national_sail_bhilai_steel_pl,NEARBY_INDUSTRIAL_BUFFER,0.8,CLUSTER_048,0.021,1,48,True,58.19999999999999,,UNLABELED,UNVERIFIED,,,,,,87.92,CRITICAL,INDUSTRIAL_FIRE_OUTBREAK,EMERGENCY_DISPATCH
205,22.062,88.081,349.0,298.8,2026-08-22,0800,27.5,nominal,0.7,D,N,VIIRS,historical,West Bengal,EAST_MINERAL_BELT,False,671.7,Haldia Petrochemicals Complex,chemical_petrochemical,national_haldia_petrochemical,NEARBY_INDUSTRIAL_BUFFER,0.8,CLUSTER_049,0.042,2,48,False,50.19999999999999,,UNLABELED,UNVERIFIED,,,,,,43.88,MODERATE,RECURRING_INTERMITTENT_HEAT,ROUTINE_MONITORING
206,22.0625,88.0815,357.2,302.4,2026-08-24,0820,39.0,high,0.9,D,N,VIIRS,near_real_time,West Bengal,EAST_MINERAL_BELT,False,732.0,Haldia Petrochemicals Complex,chemical_petrochemical,national_haldia_petrochemical,NEARBY_INDUSTRIAL_BUFFER,0.8,CLUSTER_049,0.042,2,48,False,54.80000000000001,,UNLABELED,UNVERIFIED,,,,,,43.88,MODERATE,RECURRING_INTERMITTENT_HEAT,ROUTINE_MONITORING
207,21.55,85.3,333.0,293.5,2026-08-23,0845,5.1,nominal,0.5,D,N,VIIRS,historical,Odisha,EAST_MINERAL_BELT,False,86059.0,SAIL Rourkela Steel Plant,steel_and_heavy_industry,national_sail_rourkela_steel_,NON_INDUSTRIAL_RURAL,0.1,CLUSTER_050,0.021,1,48,False,39.5,,UNLABELED,UNVERIFIED,,,,,,20.02,LOW,NON_INDUSTRIAL_RURAL,BACKGROUND_LOG
208,13.164,80.261,347.5,297.8,2026-08-20,0830,24.0,nominal,0.7,D,N,VIIRS,historical,Tamil Nadu,SOUTH_CORRIDOR,False,419.3,CPCL Manali Refinery Complex,oil_refinery,national_cpcl_manali_refinery,NEARBY_INDUSTRIAL_BUFFER,0.8,CLUSTER_051,0.104,5,48,False,49.69999999999999,,UNLABELED,UNVERIFIED,,,,,,50.88,MODERATE,RECURRING_INTERMITTENT_HEAT,ROUTINE_MONITORING
209,13.1644,80.2613,351.0,299.0,2026-08-21,0815,28.5,nominal,0.7,D,N,VIIRS,historical,Tamil Nadu,SOUTH_CORRIDOR,False,408.4,CPCL Manali Refinery Complex,oil_refinery,national_cpcl_manali_refinery,NEARBY_INDUSTRIAL_BUFFER,0.8,CLUSTER_051,0.104,5,48,False,52.0,,UNLABELED,UNVERIFIED,,,,,,50.88,MODERATE,RECURRING_INTERMITTENT_HEAT,ROUTINE_MONITORING
210,13.1639,80.2608,354.5,300.5,2026-08-22,0800,33.2,high,0.9,D,N,VIIRS,historical,Tamil Nadu,SOUTH_CORRIDOR,False,434.2,CPCL Manali Refinery Complex,oil_refinery,national_cpcl_manali_refinery,NEARBY_INDUSTRIAL_BUFFER,0.8,CLUSTER_051,0.104,5,48,False,54.0,,UNLABELED,UNVERIFIED,,,,,,50.88,MODERATE,RECURRING_INTERMITTENT_HEAT,ROUTINE_MONITORING
211,13.1642,80.2611,358.0,302.0,2026-08-23,0845,37.0,high,0.9,D,N,VIIRS,historical,Tamil Nadu,SOUTH_CORRIDOR,False,418.8,CPCL Manali Refinery Complex,oil_refinery,national_cpcl_manali_refinery,NEARBY_INDUSTRIAL_BUFFER,0.8,CLUSTER_051,0.104,5,48,False,56.0,,UNLABELED,UNVERIFIED,,,,,,50.88,MODERATE,RECURRING_INTERMITTENT_HEAT,ROUTINE_MONITORING
212,13.1641,80.2609,361.5,303.5,2026-08-24,0820,39.5,high,0.9,D,N,VIIRS,near_real_time,Tamil Nadu,SOUTH_CORRIDOR,False,433.8,CPCL Manali Refinery Complex,oil_refinery,national_cpcl_manali_refinery,NEARBY_INDUSTRIAL_BUFFER,0.8,CLUSTER_051,0.104,5,48,False,58.0,,UNLABELED,UNVERIFIED,,,,,,50.88,MODERATE,RECURRING_INTERMITTENT_HEAT,ROUTINE_MONITORING
213,12.991,74.832,369.0,311.5,2026-08-24,0820,62.0,high,0.95,D,N,VIIRS,near_real_time,Karnataka,SOUTH_CORRIDOR,True,0.0,MRPL Mangalore Refinery,oil_refinery,national_mrpl_mangalore_refin,INSIDE_INDUSTRIAL_ZONE,1.0,CLUSTER_052,0.021,1,48,True,57.5,,UNLABELED,UNVERIFIED,,,,,,89.93,CRITICAL,INDUSTRIAL_FIRE_OUTBREAK,EMERGENCY_DISPATCH
214,12.9915,74.8325,378.0,321.0,2026-08-24,2045,74.5,high,0.95,N,N,VIIRS,near_real_time,Karnataka,SOUTH_CORRIDOR,True,0.0,MRPL Mangalore Refinery,oil_refinery,national_mrpl_mangalore_refin,INSIDE_INDUSTRIAL_ZONE,1.0,CLUSTER_052,0.021,1,48,True,57.0,,UNLABELED,UNVERIFIED,,,,,,89.93,CRITICAL,INDUSTRIAL_FIRE_OUTBREAK,EMERGENCY_DISPATCH
215,9.982,76.364,346.5,297.0,2026-08-21,0815,22.5,nominal,0.7,D,N,VIIRS,historical,Kerala,SOUTH_CORRIDOR,True,0.0,BPCL Kochi Refinery (Ambalamugal),oil_refinery,national_bpcl_kochi_refinery_,INSIDE_INDUSTRIAL_ZONE,1.0,CLUSTER_053,0.062,3,48,False,49.5,,UNLABELED,UNVERIFIED,,,,,,58.48,MODERATE,RECURRING_INTERMITTENT_HEAT,ROUTINE_MONITORING
216,9.9823,76.3644,350.0,298.5,2026-08-22,0800,27.0,nominal,0.7,D,N,VIIRS,historical,Kerala,SOUTH_CORRIDOR,True,0.0,BPCL Kochi Refinery (Ambalamugal),oil_refinery,national_bpcl_kochi_refinery_,INSIDE_INDUSTRIAL_ZONE,1.0,CLUSTER_053,0.062,3,48,False,51.5,,UNLABELED,UNVERIFIED,,,,,,58.48,MODERATE,RECURRING_INTERMITTENT_HEAT,ROUTINE_MONITORING
217,9.9821,76.3642,355.0,300.5,2026-08-24,0820,34.0,high,0.9,D,N,VIIRS,near_real_time,Kerala,SOUTH_CORRIDOR,True,0.0,BPCL Kochi Refinery (Ambalamugal),oil_refinery,national_bpcl_kochi_refinery_,INSIDE_INDUSTRIAL_ZONE,1.0,CLUSTER_053,0.062,3,48,False,54.5,,UNLABELED,UNVERIFIED,,,,,,58.48,MODERATE,RECURRING_INTERMITTENT_HEAT,ROUTINE_MONITORING
218,17.682,83.254,348.0,298.0,2026-08-22,0800,26.0,nominal,0.7,D,N,VIIRS,historical,Andhra Pradesh,SOUTH_CORRIDOR,False,325.2,HPCL Visakhapatnam Refinery,oil_refinery,national_hpcl_visakhapatnam_r,NEARBY_INDUSTRIAL_BUFFER,0.8,CLUSTER_054,0.042,2,48,False,50.0,,UNLABELED,UNVERIFIED,,,,,,52.16,MODERATE,RECURRING_INTERMITTENT_HEAT,ROUTINE_MONITORING
219,17.6825,83.2545,356.5,301.8,2026-08-24,0820,37.0,high,0.9,D,N,VIIRS,near_real_time,Andhra Pradesh,SOUTH_CORRIDOR,False,302.4,HPCL Visakhapatnam Refinery,oil_refinery,national_hpcl_visakhapatnam_r,NEARBY_INDUSTRIAL_BUFFER,0.8,CLUSTER_054,0.042,2,48,False,54.69999999999999,,UNLABELED,UNVERIFIED,,,,,,52.16,MODERATE,RECURRING_INTERMITTENT_HEAT,ROUTINE_MONITORING
220,11.2,78.5,331.5,292.8,2026-08-23,0845,4.6,nominal,0.5,D,N,VIIRS,historical,Karnataka,SOUTH_CORRIDOR,False,269732.7,BPCL Kochi Refinery (Ambalamugal),oil_refinery,national_bpcl_kochi_refinery_,NON_INDUSTRIAL_RURAL,0.1,CLUSTER_055,0.021,1,48,False,38.69999999999999,,UNLABELED,UNVERIFIED,,,,,,19.7,LOW,NON_INDUSTRIAL_RURAL,BACKGROUND_LOG
221,21.09994,72.63522,331.88,297.47,2026-09-19,0856,2.23,nominal,0.6,D,N,VIIRS,near_real_time,Gujarat,WEST_GUJARAT,False,137.6,ArcelorMittal Nippon Steel India,works,way/104647203,NEARBY_INDUSTRIAL_BUFFER,0.8,CLUSTER_009,0.229,11,48,False,34.40999999999997,,UNLABELED,UNVERIFIED,,,,,,60.35,HIGH,ABNORMAL_INDUSTRIAL_HEAT,PRIORITY_INSPECTION
222,21.10412,72.63467,340.84,297.51,2026-09-19,0856,2.23,nominal,0.6,D,N,VIIRS,near_real_time,Gujarat,WEST_GUJARAT,True,0.0,ArcelorMittal Nippon Steel India,works,way/104647203,INSIDE_INDUSTRIAL_ZONE,1.0,CLUSTER_009,0.229,11,48,False,43.329999999999984,,UNLABELED,UNVERIFIED,,,,,,60.35,HIGH,ABNORMAL_INDUSTRIAL_HEAT,PRIORITY_INSPECTION
223,21.10554,72.6468,350.1,300.15,2026-09-19,0856,12.63,nominal,0.6,D,N,VIIRS,near_real_time,Gujarat,WEST_GUJARAT,True,0.0,ArcelorMittal Nippon Steel India,works,way/104647203,INSIDE_INDUSTRIAL_ZONE,1.0,CLUSTER_009,0.229,11,48,False,49.950000000000045,,UNLABELED,UNVERIFIED,,,,,,60.35,HIGH,ABNORMAL_INDUSTRIAL_HEAT,PRIORITY_INSPECTION
224,22.93186,69.69827,307.75,295.26,2026-09-19,2123,0.9,nominal,0.6,N,N,VIIRS,near_real_time,Gujarat,WEST_GUJARAT,False,397.1,Unnamed Industrial Facility,general_industry,way/1002375165,NEARBY_INDUSTRIAL_BUFFER,0.8,CLUSTER_012,0.083,4,48,False,12.490000000000009,,UNLABELED,UNVERIFIED,,,,,,45.0,MODERATE,RECURRING_INTERMITTENT_HEAT,ROUTINE_MONITORING
225,22.93537,69.69899,306.8,295.15,2026-09-19,2123,0.71,nominal,0.6,N,N,VIIRS,near_real_time,Gujarat,WEST_GUJARAT,False,429.8,Unnamed Industrial Facility,general_industry,way/1002375165,NEARBY_INDUSTRIAL_BUFFER,0.8,CLUSTER_012,0.083,4,48,False,11.650000000000034,,UNLABELED,UNVERIFIED,,,,,,45.0,MODERATE,RECURRING_INTERMITTENT_HEAT,ROUTINE_MONITORING
226,21.10284,72.64529,305.4,289.43,2026-09-19,2125,4.15,nominal,0.6,N,N,VIIRS,near_real_time,Gujarat,WEST_GUJARAT,False,10.9,ArcelorMittal Nippon Steel India,works,way/104647203,NEARBY_INDUSTRIAL_BUFFER,0.8,CLUSTER_009,0.229,11,48,False,15.96999999999997,,UNLABELED,UNVERIFIED,,,,,,60.35,HIGH,ABNORMAL_INDUSTRIAL_HEAT,PRIORITY_INSPECTION
227,21.10453,72.63682,306.2,289.58,2026-09-19,2125,4.4,nominal,0.6,N,N,VIIRS,near_real_time,Gujarat,WEST_GUJARAT,True,0.0,ArcelorMittal Nippon Steel India,works,way/104647203,INSIDE_INDUSTRIAL_ZONE,1.0,CLUSTER_009,0.229,11,48,False,16.620000000000005,,UNLABELED,UNVERIFIED,,,,,,60.35,HIGH,ABNORMAL_INDUSTRIAL_HEAT,PRIORITY_INSPECTION
228,21.10623,72.65048,307.38,289.8,2026-09-19,2125,3.06,nominal,0.6,N,N,VIIRS,near_real_time,Gujarat,WEST_GUJARAT,True,0.0,ArcelorMittal Nippon Steel India,works,way/104647203,INSIDE_INDUSTRIAL_ZONE,1.0,CLUSTER_009,0.229,11,48,False,17.579999999999984,,UNLABELED,UNVERIFIED,,,,,,60.35,HIGH,ABNORMAL_INDUSTRIAL_HEAT,PRIORITY_INSPECTION
229,21.10708,72.64625,317.84,289.8,2026-09-19,2125,3.06,nominal,0.6,N,N,VIIRS,near_real_time,Gujarat,WEST_GUJARAT,True,0.0,ArcelorMittal Nippon Steel India,works,way/104647203,INSIDE_INDUSTRIAL_ZONE,1.0,CLUSTER_009,0.229,11,48,False,28.039999999999964,,UNLABELED,UNVERIFIED,,,,,,60.35,HIGH,ABNORMAL_INDUSTRIAL_HEAT,PRIORITY_INSPECTION
230,22.33592,69.86636,306.91,295.89,2026-09-19,2125,3.12,nominal,0.6,N,N,VIIRS,near_real_time,Gujarat,WEST_GUJARAT,True,0.0,Reliance Refinery,refinery,way/91585872,INSIDE_INDUSTRIAL_ZONE,1.0,CLUSTER_010,0.062,3,48,False,11.020000000000039,,UNLABELED,UNVERIFIED,,,,,,49.89,MODERATE,RECURRING_INTERMITTENT_HEAT,ROUTINE_MONITORING
231,22.41644,69.03992,318.8,295.54,2026-09-19,2125,1.76,nominal,0.6,N,N,VIIRS,near_real_time,Gujarat,WEST_GUJARAT,True,0.0,Unnamed Industrial Facility,general_industry,way/1311235459,INSIDE_INDUSTRIAL_ZONE,1.0,CLUSTER_018,0.083,4,48,False,23.25999999999999,,UNLABELED,UNVERIFIED,,,,,,46.05,MODERATE,RECURRING_INTERMITTENT_HEAT,ROUTINE_MONITORING
232,22.41989,69.0406,306.86,294.97,2026-09-19,2125,0.38,nominal,0.6,N,N,VIIRS,near_real_time,Gujarat,WEST_GUJARAT,True,0.0,Unnamed Industrial Facility,general_industry,way/1311235459,INSIDE_INDUSTRIAL_ZONE,1.0,CLUSTER_018,0.083,4,48,False,11.889999999999986,,UNLABELED,UNVERIFIED,,,,,,46.05,MODERATE,RECURRING_INTERMITTENT_HEAT,ROUTINE_MONITORING
233,22.57542,70.22902,308.29,293.94,2026-09-19,2125,0.75,nominal,0.6,N,N,VIIRS,near_real_time,Gujarat,WEST_GUJARAT,False,384.3,Unnamed Industrial Facility,general_industry,way/1273183385,NEARBY_INDUSTRIAL_BUFFER,0.8,CLUSTER_056,0.021,1,48,False,14.350000000000023,,UNLABELED,UNVERIFIED,,,,,,35.21,MODERATE,RECURRING_INTERMITTENT_HEAT,ROUTINE_MONITORING
