incident_uuid,facility_name,risk_score,thermal_intensity,distance_to_facility,persistence_ratio,confidence_score,wind_speed,temperature,cloud_cover,population_exposure,infrastructure_exposure,environmental_exposure,thermal_anomaly_ratio,abnormality_score,ground_truth_label
CLUSTER_003,Hazira Heavy Industrial & Steel Complex,93.16,92.7,110.7,0.018,0.8,14.0,32.0,20,2,2,0,5.15,60.3,TRUE_FIRE
CLUSTER_048,SAIL Bhilai Steel Plant,90.68,76.5,0.0,0.053,0.8,14.0,32.0,20,0,0,0,3.33,81.2,UNLABELED
CLUSTER_052,MRPL Mangalore Refinery,89.93,74.5,0.0,0.018,0.8,14.0,32.0,20,0,0,0,4.26,57.4,UNLABELED
CLUSTER_027,NTPC Khavda,88.06,94.41,0.0,0.018,0.8,14.0,32.0,20,0,0,0,7.87,63.0,UNLABELED
CLUSTER_026,NTPC Khavda,86.35,87.99,0.0,0.018,0.8,14.0,32.0,20,0,0,0,7.33,63.0,UNLABELED
CLUSTER_047,Tata Steel Jamshedpur Works,82.57,54.0,50.9,0.105,0.8,14.0,32.0,20,0,0,0,2.25,85.3,UNLABELED
CLUSTER_039,MIDC Taloja Chemical Zone,82.12,98.6,637.0,0.018,0.8,14.0,32.0,20,2,0,0,8.57,63.0,UNLABELED
CLUSTER_009,ArcelorMittal Nippon Steel India,79.34,37.18,0.0,0.333,0.8,14.0,32.0,20,0,0,0,3.1,89.9,UNLABELED
CLUSTER_043,Bhiwadi RIICO Industrial Cluster,66.54,89.2,18228.3,0.018,0.8,14.0,32.0,20,0,0,0,8.92,63.0,UNLABELED
CLUSTER_046,IOCL Paradip Refinery Complex,62.69,46.5,12.7,0.088,0.8,14.0,32.0,20,1,0,0,2.27,58.9,UNLABELED
CLUSTER_446,Haldia Petrochemicals Complex,60.55,89.43,1093811.9,0.018,0.8,14.0,32.0,20,0,0,0,4.83,59.2,UNLABELED
CLUSTER_042,IOCL Panipat Petrochemical Complex,60.3,38.2,0.0,0.088,0.8,14.0,32.0,20,1,0,0,1.82,55.1,UNLABELED
CLUSTER_053,BPCL Kochi Refinery (Ambalamugal),58.48,34.0,0.0,0.053,0.8,14.0,32.0,20,0,0,0,2.0,47.8,UNLABELED
CLUSTER_025,Dholera Solar Park,52.6,32.57,0.0,0.018,0.8,14.0,32.0,20,0,0,0,2.71,35.8,UNLABELED
CLUSTER_054,HPCL Visakhapatnam Refinery,52.16,37.0,302.4,0.035,0.8,14.0,32.0,20,0,0,0,2.31,41.1,UNLABELED
CLUSTER_002,Reliance Industries Ltd. Dahej Plant,51.92,12.5,0.0,0.053,0.8,14.0,32.0,20,2,0,0,0.86,23.8,UNLABELED
CLUSTER_001,Jamnagar Petroleum Refining Complex,51.65,29.1,2286.5,0.088,0.8,14.0,32.0,20,1,0,0,1.29,63.0,UNLABELED
CLUSTER_051,CPCL Manali Refinery Complex,50.88,39.5,408.4,0.088,0.8,14.0,32.0,20,2,0,0,2.19,58.5,UNLABELED
CLUSTER_031,Reliance,50.22,10.53,0.0,0.018,0.8,14.0,32.0,20,2,2,1,0.88,8.0,UNLABELED
CLUSTER_010,Reliance Refinery,49.89,7.01,0.0,0.088,0.8,14.0,32.0,20,0,0,0,0.58,50.8,UNLABELED
CLUSTER_011,Tuna-Tekra Container Terminal,48.97,6.26,0.0,0.07,0.8,14.0,32.0,20,0,0,0,0.52,47.0,UNLABELED
CLUSTER_566,SAIL Rourkela Steel Plant,48.95,4.82,0.0,0.035,0.8,14.0,32.0,20,0,0,0,0.22,37.0,UNLABELED
CLUSTER_020,Unnamed Industrial Facility,48.76,3.83,0.0,0.053,0.8,14.0,32.0,20,0,0,0,0.32,32.9,UNLABELED
CLUSTER_018,Unnamed Industrial Facility,48.09,2.82,0.0,0.175,0.8,14.0,32.0,20,0,0,0,0.23,49.0,UNLABELED
CLUSTER_350,Gujarat Refinery,47.09,4.07,0.0,0.018,0.8,14.0,32.0,20,0,0,0,0.23,14.7,UNLABELED
CLUSTER_012,Unnamed Industrial Facility,46.26,3.76,119.9,0.14,0.8,14.0,32.0,20,0,0,0,0.31,51.2,UNLABELED
CLUSTER_044,IOCL Mathura Refinery,45.67,32.5,513.2,0.053,0.8,14.0,32.0,20,0,0,0,1.97,47.4,UNLABELED
CLUSTER_024,Reliance Refinery,45.6,1.49,0.0,0.018,0.8,14.0,32.0,20,0,0,0,0.12,8.0,UNLABELED
CLUSTER_017,Unnamed Industrial Facility,45.17,2.49,0.0,0.053,0.8,14.0,32.0,20,0,0,0,0.21,33.4,UNLABELED
CLUSTER_037,Vadinar Refinery,45.16,1.74,0.0,0.035,0.8,14.0,32.0,20,0,0,0,0.14,15.5,UNLABELED
CLUSTER_008,Unnamed Industrial Facility,45.06,1.97,0.0,0.105,0.8,14.0,32.0,20,0,0,0,0.16,48.6,UNLABELED
CLUSTER_902,Unnamed Industrial Facility,45.06,1.53,0.0,0.018,0.8,14.0,32.0,20,0,0,0,0.13,8.0,UNLABELED
CLUSTER_023,Unnamed Industrial Facility,44.91,1.69,59.6,0.018,0.8,14.0,32.0,20,0,0,0,0.14,8.0,UNLABELED
CLUSTER_028,Unnamed Industrial Facility,44.87,2.52,0.0,0.018,0.8,14.0,32.0,20,0,0,0,0.21,8.0,UNLABELED
CLUSTER_016,Unnamed Industrial Facility,44.84,2.31,0.0,0.053,0.8,14.0,32.0,20,0,0,0,0.19,34.2,UNLABELED
CLUSTER_019,Unnamed Industrial Facility,44.75,2.03,0.0,0.088,0.8,14.0,32.0,20,0,0,0,0.17,42.2,UNLABELED
CLUSTER_883,Unnamed Industrial Facility,44.74,2.02,0.0,0.018,0.8,14.0,32.0,20,0,0,0,0.17,18.4,UNLABELED
CLUSTER_034,Gujarat Sidhee Cement,44.61,0.73,0.0,0.035,0.8,14.0,32.0,20,0,0,0,0.06,15.5,UNLABELED
CLUSTER_035,NTPC Jhanor-Gandhar,44.52,1.1,0.0,0.018,0.8,14.0,32.0,20,0,0,0,0.09,8.0,UNLABELED
CLUSTER_305,Reliance Refinery,44.51,1.04,0.0,0.018,0.8,14.0,32.0,20,0,0,0,0.09,8.0,UNLABELED
CLUSTER_032,Unnamed Industrial Facility,44.46,0.85,0.0,0.018,0.8,14.0,32.0,20,0,0,0,0.07,8.0,UNLABELED
CLUSTER_015,Unnamed Industrial Facility,44.45,0.82,0.0,0.018,0.8,14.0,32.0,20,0,0,0,0.07,8.0,UNLABELED
CLUSTER_021,Gujarat Refinery,44.39,0.59,0.0,0.018,0.8,14.0,32.0,20,1,0,0,0.03,8.0,UNLABELED
CLUSTER_014,Unnamed Industrial Facility,44.38,0.54,0.0,0.018,0.8,14.0,32.0,20,0,0,0,0.05,8.0,UNLABELED
CLUSTER_038,HPCL Mumbai Refinery (Mahul),44.01,36.5,647.7,0.088,0.8,14.0,32.0,20,2,1,0,2.09,58.0,UNLABELED
CLUSTER_049,Haldia Petrochemicals Complex,43.88,39.0,671.7,0.035,0.8,14.0,32.0,20,0,0,0,2.11,40.1,UNLABELED
CLUSTER_057,Unnamed Industrial Facility,43.83,0.54,22.9,0.018,0.8,14.0,32.0,20,0,0,0,0.05,8.0,UNLABELED
CLUSTER_156,Unnamed Industrial Facility,43.7,0.59,29.0,0.018,0.8,14.0,32.0,20,0,0,0,0.05,8.0,UNLABELED
CLUSTER_217,SHREE DIGVIJAY CEMENT,41.55,0.33,116.0,0.018,0.8,14.0,32.0,20,2,2,0,0.03,8.0,UNLABELED
CLUSTER_029,Unnamed Industrial Facility,40.17,2.1,202.5,0.018,0.8,14.0,32.0,20,0,0,0,0.18,8.0,UNLABELED
CLUSTER_006,Food Storage Depot,35.32,9.4,650.8,0.053,0.8,14.0,32.0,20,0,0,0,0.78,23.8,UNLABELED
CLUSTER_056,Unnamed Industrial Facility,35.21,0.75,384.3,0.018,0.8,14.0,32.0,20,0,0,0,0.06,8.0,UNLABELED
CLUSTER_040,MIDC Tarapur Industrial Area,34.17,25.4,896.7,0.053,0.8,14.0,32.0,20,0,0,0,2.42,50.1,UNLABELED
CLUSTER_820,Haldia Petrochemicals Complex,30.53,29.81,1001312.9,0.018,0.8,14.0,32.0,20,0,0,0,1.61,37.3,UNLABELED
CLUSTER_361,Unnamed Industrial Facility,28.41,1.21,795.9,0.018,0.8,14.0,32.0,20,0,0,0,0.1,8.0,UNLABELED
CLUSTER_081,Unnamed Industrial Facility,27.78,23.7,149792.5,0.07,0.8,14.0,32.0,20,0,0,0,1.97,77.1,UNLABELED
CLUSTER_502,BPCL Kochi Refinery (Ambalamugal),27.32,25.79,422018.0,0.018,0.8,14.0,32.0,20,0,0,0,1.52,25.6,UNLABELED
CLUSTER_482,BPCL Kochi Refinery (Ambalamugal),26.83,14.7,446784.2,0.018,0.8,14.0,32.0,20,0,0,0,0.86,13.1,UNLABELED
CLUSTER_267,IOCL Panipat Petrochemical Complex,26.73,28.31,114049.0,0.018,0.8,14.0,32.0,20,0,0,0,1.35,23.3,UNLABELED
CLUSTER_438,IOCL Panipat Petrochemical Complex,26.4,18.51,312227.4,0.018,0.8,14.0,32.0,20,0,0,0,0.88,14.1,UNLABELED
CLUSTER_370,IOCL Panipat Petrochemical Complex,26.09,11.65,327123.4,0.018,0.8,14.0,32.0,20,0,0,0,0.55,8.0,UNLABELED
CLUSTER_375,IOCL Panipat Petrochemical Complex,25.95,11.1,319286.2,0.018,0.8,14.0,32.0,20,0,0,0,0.53,8.0,UNLABELED
CLUSTER_362,Unnamed Industrial Facility,25.76,5.09,1099.7,0.018,0.8,14.0,32.0,20,0,0,0,0.42,8.0,UNLABELED
CLUSTER_592,IOCL Panipat Petrochemical Complex,25.6,16.15,249623.5,0.018,0.8,14.0,32.0,20,0,0,0,0.77,8.0,UNLABELED
CLUSTER_727,MRPL Mangalore Refinery,25.53,9.38,313659.4,0.035,0.8,14.0,32.0,20,0,0,0,0.54,32.6,UNLABELED
CLUSTER_364,Unnamed Industrial Facility,25.31,20.76,147539.0,0.018,0.8,14.0,32.0,20,0,0,0,1.73,28.4,UNLABELED
CLUSTER_490,BPCL Kochi Refinery (Ambalamugal),25.19,21.6,220308.2,0.018,0.8,14.0,32.0,20,0,0,0,1.27,22.3,UNLABELED
CLUSTER_452,Haldia Petrochemicals Complex,25.12,13.93,1084508.1,0.018,0.8,14.0,32.0,20,0,0,0,0.75,13.4,UNLABELED
CLUSTER_456,BPCL Kochi Refinery (Ambalamugal),24.86,23.2,471429.5,0.018,0.8,14.0,32.0,20,0,0,0,1.36,23.5,UNLABELED
CLUSTER_448,Haldia Petrochemicals Complex,24.85,13.03,1106059.3,0.018,0.8,14.0,32.0,20,0,0,0,0.7,8.0,UNLABELED
CLUSTER_581,Unnamed Industrial Facility,24.59,5.26,2765.1,0.018,0.8,14.0,32.0,20,0,0,0,0.44,8.0,UNLABELED
CLUSTER_073,CPCL Manali Refinery Complex,24.27,12.39,302887.5,0.018,0.8,14.0,32.0,20,0,0,0,0.69,8.0,UNLABELED
CLUSTER_366,NTPC Khavda,24.16,14.24,420416.2,0.035,0.8,14.0,32.0,20,0,0,0,1.19,38.6,UNLABELED
CLUSTER_418,Haldia Petrochemicals Complex,23.95,15.06,1090426.3,0.035,0.8,14.0,32.0,20,0,0,0,0.81,27.8,UNLABELED
CLUSTER_589,IOCL Panipat Petrochemical Complex,23.89,8.23,204043.3,0.018,0.8,14.0,32.0,20,0,0,0,0.39,22.4,UNLABELED
CLUSTER_124,IOCL Panipat Petrochemical Complex,23.79,13.03,418117.2,0.035,0.8,14.0,32.0,20,0,0,0,0.62,20.7,UNLABELED
CLUSTER_112,IOCL Panipat Petrochemical Complex,23.72,10.2,315423.8,0.018,0.8,14.0,32.0,20,0,0,0,0.49,8.0,UNLABELED
CLUSTER_231,BPCL Kochi Refinery (Ambalamugal),23.65,10.65,224567.3,0.018,0.8,14.0,32.0,20,0,0,0,0.63,8.0,UNLABELED
CLUSTER_427,Unnamed Industrial Facility,23.52,10.75,149052.4,0.018,0.8,14.0,32.0,20,0,0,0,0.9,8.0,UNLABELED
CLUSTER_064,BPCL Kochi Refinery (Ambalamugal),23.5,10.67,470788.9,0.018,0.8,14.0,32.0,20,0,0,0,0.63,14.2,UNLABELED
CLUSTER_356,Bhiwadi RIICO Industrial Cluster,23.45,7.12,189589.1,0.018,0.8,14.0,32.0,20,0,0,0,0.71,8.0,UNLABELED
CLUSTER_365,Khavda Renewable Energy Park,23.43,12.15,395052.4,0.018,0.8,14.0,32.0,20,0,0,0,1.01,14.5,UNLABELED
CLUSTER_331,Unnamed Industrial Facility,23.34,5.37,322412.2,0.018,0.8,14.0,32.0,20,0,0,0,0.45,8.0,UNLABELED
CLUSTER_791,CPCL Manali Refinery Complex,23.32,11.74,256260.5,0.018,0.8,14.0,32.0,20,0,0,0,0.65,8.0,UNLABELED
CLUSTER_762,CPCL Manali Refinery Complex,23.29,10.38,541949.8,0.018,0.8,14.0,32.0,20,0,0,0,0.58,8.0,UNLABELED
CLUSTER_431,NTPC Khavda,23.26,9.61,419562.9,0.018,0.8,14.0,32.0,20,0,0,0,0.8,14.5,UNLABELED
CLUSTER_250,IOCL Mathura Refinery,23.2,9.22,352810.5,0.018,0.8,14.0,32.0,20,0,0,0,0.56,8.0,UNLABELED
CLUSTER_541,MRPL Mangalore Refinery,23.19,6.46,313386.1,0.035,0.8,14.0,32.0,20,0,0,0,0.37,21.1,UNLABELED
CLUSTER_467,BPCL Kochi Refinery (Ambalamugal),23.17,10.24,485179.6,0.018,0.8,14.0,32.0,20,0,0,0,0.6,8.0,UNLABELED
CLUSTER_473,BPCL Kochi Refinery (Ambalamugal),23.16,9.21,495513.4,0.018,0.8,14.0,32.0,20,0,0,0,0.54,15.5,UNLABELED
CLUSTER_562,IOCL Paradip Refinery Complex,23.14,11.19,97776.6,0.035,0.8,14.0,32.0,20,0,0,0,0.55,49.5,UNLABELED
CLUSTER_394,BPCL Mumbai Refinery (Mahul),23.01,9.86,16344.2,0.035,0.8,14.0,32.0,20,0,0,0,0.52,34.5,UNLABELED
CLUSTER_063,CPCL Manali Refinery Complex,22.96,6.45,544500.2,0.018,0.8,14.0,32.0,20,0,0,0,0.36,8.0,UNLABELED
CLUSTER_628,IOCL Panipat Petrochemical Complex,22.88,6.43,291790.2,0.018,0.8,14.0,32.0,20,0,0,0,0.31,8.0,UNLABELED
CLUSTER_822,Haldia Petrochemicals Complex,22.85,13.29,1117496.1,0.018,0.8,14.0,32.0,20,0,0,0,0.72,8.0,UNLABELED
CLUSTER_268,IOCL Panipat Petrochemical Complex,22.83,11.86,333501.8,0.018,0.8,14.0,32.0,20,0,0,0,0.56,8.0,UNLABELED
CLUSTER_407,Haldia Petrochemicals Complex,22.83,10.1,1031331.5,0.018,0.8,14.0,32.0,20,0,0,0,0.55,8.0,UNLABELED
CLUSTER_074,CPCL Manali Refinery Complex,22.83,7.9,303712.0,0.018,0.8,14.0,32.0,20,0,0,0,0.44,8.0,UNLABELED
CLUSTER_517,BPCL Kochi Refinery (Ambalamugal),22.82,11.61,132389.4,0.018,0.8,14.0,32.0,20,0,0,0,0.68,8.0,UNLABELED
CLUSTER_128,IOCL Panipat Petrochemical Complex,22.82,6.99,891253.7,0.018,0.8,14.0,32.0,20,0,0,0,0.33,8.0,UNLABELED
CLUSTER_787,BPCL Kochi Refinery (Ambalamugal),22.8,7.89,265185.5,0.018,0.8,14.0,32.0,20,0,0,0,0.46,8.0,UNLABELED
CLUSTER_479,CPCL Manali Refinery Complex,22.8,9.86,539269.6,0.018,0.8,14.0,32.0,20,0,0,0,0.55,15.8,UNLABELED
CLUSTER_162,Tata Steel Jamshedpur Works,22.79,9.53,98485.4,0.053,0.8,14.0,32.0,20,0,0,0,0.4,53.3,UNLABELED
CLUSTER_424,"Food Corporation of India, Wankaner",22.75,2.26,1996.5,0.018,0.8,14.0,32.0,20,0,0,0,0.19,8.0,UNLABELED
CLUSTER_630,IOCL Panipat Petrochemical Complex,22.71,8.66,355096.0,0.018,0.8,14.0,32.0,20,0,0,0,0.41,8.0,UNLABELED
CLUSTER_567,Haldia Petrochemicals Complex,22.66,9.18,89138.9,0.035,0.8,14.0,32.0,20,0,0,0,0.5,30.7,UNLABELED
CLUSTER_489,CPCL Manali Refinery Complex,22.59,10.2,503633.7,0.018,0.8,14.0,32.0,20,0,0,0,0.57,8.0,UNLABELED
CLUSTER_470,BPCL Kochi Refinery (Ambalamugal),22.59,7.54,521816.7,0.018,0.8,14.0,32.0,20,0,0,0,0.44,8.0,UNLABELED
CLUSTER_409,Haldia Petrochemicals Complex,22.58,9.99,1040214.5,0.018,0.8,14.0,32.0,20,0,0,0,0.54,8.0,UNLABELED
CLUSTER_401,Haldia Petrochemicals Complex,22.57,8.84,808922.2,0.018,0.8,14.0,32.0,20,0,0,0,0.48,8.0,UNLABELED
CLUSTER_432,NTPC Khavda,22.52,6.57,516123.1,0.018,0.8,14.0,32.0,20,0,0,0,0.55,8.0,UNLABELED
CLUSTER_155,SAIL Bhilai Steel Plant,22.5,8.64,161187.9,0.07,0.8,14.0,32.0,20,0,0,0,0.38,52.5,UNLABELED
CLUSTER_109,IOCL Panipat Petrochemical Complex,22.49,8.94,286763.5,0.018,0.8,14.0,32.0,20,0,0,0,0.43,15.5,UNLABELED
CLUSTER_633,IOCL Panipat Petrochemical Complex,22.46,7.65,375961.9,0.018,0.8,14.0,32.0,20,0,0,0,0.36,8.0,UNLABELED
CLUSTER_594,IOCL Panipat Petrochemical Complex,22.42,9.77,322401.2,0.018,0.8,14.0,32.0,20,0,0,0,0.47,14.8,UNLABELED
CLUSTER_447,Haldia Petrochemicals Complex,22.4,9.79,1101048.5,0.018,0.8,14.0,32.0,20,0,0,0,0.53,8.0,UNLABELED
CLUSTER_430,Khavda Renewable Energy Park,22.39,10.91,397470.7,0.018,0.8,14.0,32.0,20,0,0,0,0.91,8.0,UNLABELED
CLUSTER_410,Haldia Petrochemicals Complex,22.35,9.54,1043652.3,0.018,0.8,14.0,32.0,20,0,0,0,0.52,8.0,UNLABELED
CLUSTER_506,BPCL Kochi Refinery (Ambalamugal),22.34,11.49,171584.8,0.018,0.8,14.0,32.0,20,0,0,0,0.68,8.0,UNLABELED
CLUSTER_406,Haldia Petrochemicals Complex,22.33,7.19,1032300.0,0.018,0.8,14.0,32.0,20,0,0,0,0.39,8.0,UNLABELED
CLUSTER_264,IOCL Panipat Petrochemical Complex,22.31,7.0,118631.4,0.018,0.8,14.0,32.0,20,0,0,0,0.33,15.3,UNLABELED
CLUSTER_219,Haldia Petrochemicals Complex,22.29,9.92,1006528.7,0.018,0.8,14.0,32.0,20,0,0,0,0.54,8.0,UNLABELED
CLUSTER_814,Unnamed Industrial Facility,22.29,7.86,207036.2,0.018,0.8,14.0,32.0,20,0,0,0,0.66,8.0,UNLABELED
CLUSTER_558,IOCL Paradip Refinery Complex,22.25,7.66,151477.8,0.035,0.8,14.0,32.0,20,0,0,0,0.37,46.1,UNLABELED
CLUSTER_476,BPCL Kochi Refinery (Ambalamugal),22.24,7.91,489010.9,0.018,0.8,14.0,32.0,20,0,0,0,0.47,8.0,UNLABELED
CLUSTER_624,IOCL Panipat Petrochemical Complex,22.23,4.95,374444.3,0.018,0.8,14.0,32.0,20,0,0,0,0.24,8.0,UNLABELED
CLUSTER_563,SAIL Rourkela Steel Plant,22.21,6.53,140860.4,0.035,0.8,14.0,32.0,20,0,0,0,0.3,47.0,UNLABELED
CLUSTER_378,IOCL Panipat Petrochemical Complex,22.19,4.54,555012.6,0.018,0.8,14.0,32.0,20,0,0,0,0.22,8.0,UNLABELED
CLUSTER_420,Haldia Petrochemicals Complex,22.19,6.41,1002467.3,0.018,0.8,14.0,32.0,20,0,0,0,0.35,14.0,UNLABELED
CLUSTER_315,Unnamed Industrial Facility,22.18,5.35,245975.7,0.018,0.8,14.0,32.0,20,0,0,0,0.45,8.0,UNLABELED
CLUSTER_507,CPCL Manali Refinery Complex,22.12,8.49,441684.2,0.018,0.8,14.0,32.0,20,0,0,0,0.47,8.0,UNLABELED
CLUSTER_515,BPCL Kochi Refinery (Ambalamugal),22.09,9.84,165973.8,0.018,0.8,14.0,32.0,20,0,0,0,0.58,8.0,UNLABELED
CLUSTER_175,Tata Steel Jamshedpur Works,22.09,6.74,109938.8,0.07,0.8,14.0,32.0,20,0,0,0,0.28,49.1,UNLABELED
CLUSTER_252,NTPC Khavda,22.08,4.08,375698.3,0.018,0.8,14.0,32.0,20,0,0,0,0.34,8.0,UNLABELED
CLUSTER_763,CPCL Manali Refinery Complex,21.99,7.74,542011.8,0.018,0.8,14.0,32.0,20,0,0,0,0.43,8.0,UNLABELED
CLUSTER_360,Unnamed Industrial Facility,21.95,6.1,5999.9,0.018,0.8,14.0,32.0,20,0,0,0,0.51,8.0,UNLABELED
CLUSTER_559,SAIL Rourkela Steel Plant,21.95,4.41,149466.6,0.035,0.8,14.0,32.0,20,0,0,0,0.2,39.0,UNLABELED
CLUSTER_514,CPCL Manali Refinery Complex,21.93,8.08,415453.8,0.018,0.8,14.0,32.0,20,0,0,0,0.45,8.0,UNLABELED
CLUSTER_607,IOCL Panipat Petrochemical Complex,21.92,5.27,333307.5,0.018,0.8,14.0,32.0,20,0,0,0,0.25,8.0,UNLABELED
CLUSTER_123,IOCL Panipat Petrochemical Complex,21.92,6.31,393751.5,0.018,0.8,14.0,32.0,20,0,0,0,0.3,8.0,UNLABELED
CLUSTER_591,IOCL Panipat Petrochemical Complex,21.88,5.03,217851.7,0.018,0.8,14.0,32.0,20,0,0,0,0.24,8.0,UNLABELED
CLUSTER_127,IOCL Panipat Petrochemical Complex,21.87,5.85,769763.6,0.018,0.8,14.0,32.0,20,0,0,0,0.28,8.0,UNLABELED
CLUSTER_442,IOCL Panipat Petrochemical Complex,21.85,7.15,391577.2,0.018,0.8,14.0,32.0,20,0,0,0,0.34,8.0,UNLABELED
CLUSTER_622,IOCL Panipat Petrochemical Complex,21.84,4.45,372291.2,0.018,0.8,14.0,32.0,20,0,0,0,0.21,8.0,UNLABELED
CLUSTER_485,BPCL Kochi Refinery (Ambalamugal),21.82,10.38,470187.9,0.018,0.8,14.0,32.0,20,0,0,0,0.61,8.0,UNLABELED
CLUSTER_767,BPCL Kochi Refinery (Ambalamugal),21.82,7.53,495735.2,0.018,0.8,14.0,32.0,20,0,0,0,0.44,8.0,UNLABELED
CLUSTER_641,IOCL Panipat Petrochemical Complex,21.78,6.85,348143.2,0.018,0.8,14.0,32.0,20,0,0,0,0.33,8.0,UNLABELED
CLUSTER_036,Unnamed Industrial Facility,21.77,1.98,1340.7,0.035,0.8,14.0,32.0,20,0,0,0,0.17,20.9,UNLABELED
CLUSTER_516,BPCL Kochi Refinery (Ambalamugal),21.76,5.1,96714.4,0.018,0.8,14.0,32.0,20,0,0,0,0.3,8.0,UNLABELED
CLUSTER_198,NTPC Khavda,21.75,5.26,427444.5,0.123,0.8,14.0,32.0,20,0,0,0,0.44,53.8,UNLABELED
CLUSTER_255,Bhiwadi RIICO Industrial Cluster,21.73,5.98,188468.4,0.018,0.8,14.0,32.0,20,0,0,0,0.6,8.0,UNLABELED
CLUSTER_527,MRPL Mangalore Refinery,21.64,8.58,177196.2,0.018,0.8,14.0,32.0,20,0,0,0,0.49,8.0,UNLABELED
CLUSTER_608,IOCL Panipat Petrochemical Complex,21.64,4.16,332762.3,0.018,0.8,14.0,32.0,20,0,0,0,0.2,8.0,UNLABELED
CLUSTER_511,CPCL Manali Refinery Complex,21.61,6.66,421334.2,0.018,0.8,14.0,32.0,20,0,0,0,0.37,8.0,UNLABELED
CLUSTER_818,Unnamed Industrial Facility,21.59,7.27,366844.3,0.018,0.8,14.0,32.0,20,0,0,0,0.61,8.0,UNLABELED
CLUSTER_605,IOCL Panipat Petrochemical Complex,21.59,3.74,310770.3,0.018,0.8,14.0,32.0,20,0,0,0,0.18,8.0,UNLABELED
CLUSTER_500,CPCL Manali Refinery Complex,21.55,7.74,466189.9,0.018,0.8,14.0,32.0,20,0,0,0,0.43,8.0,UNLABELED
CLUSTER_104,IOCL Panipat Petrochemical Complex,21.55,4.88,297246.1,0.018,0.8,14.0,32.0,20,0,0,0,0.23,8.0,UNLABELED
CLUSTER_150,SAIL Rourkela Steel Plant,21.54,7.17,118059.0,0.088,0.8,14.0,32.0,20,0,0,0,0.33,52.7,UNLABELED
CLUSTER_646,IOCL Panipat Petrochemical Complex,21.54,3.43,545391.5,0.018,0.8,14.0,32.0,20,0,0,0,0.16,8.0,UNLABELED
CLUSTER_464,BPCL Kochi Refinery (Ambalamugal),21.54,12.48,546515.1,0.018,0.8,14.0,32.0,20,0,0,0,0.73,8.0,UNLABELED
CLUSTER_105,IOCL Panipat Petrochemical Complex,21.54,6.85,300147.6,0.018,0.8,14.0,32.0,20,0,0,0,0.33,8.0,UNLABELED
CLUSTER_398,Haldia Petrochemicals Complex,21.53,4.09,734703.9,0.018,0.8,14.0,32.0,20,0,0,0,0.22,8.0,UNLABELED
CLUSTER_499,CPCL Manali Refinery Complex,21.53,8.87,469710.5,0.018,0.8,14.0,32.0,20,0,0,0,0.49,8.0,UNLABELED
CLUSTER_769,CPCL Manali Refinery Complex,21.52,6.52,501697.9,0.018,0.8,14.0,32.0,20,0,0,0,0.36,8.0,UNLABELED
CLUSTER_518,BPCL Kochi Refinery (Ambalamugal),21.51,7.91,140979.7,0.018,0.8,14.0,32.0,20,0,0,0,0.47,8.0,UNLABELED
CLUSTER_332,NTPC Khavda,21.5,5.14,601472.7,0.018,0.8,14.0,32.0,20,0,0,0,0.43,8.0,UNLABELED
CLUSTER_487,BPCL Kochi Refinery (Ambalamugal),21.47,9.47,479635.8,0.018,0.8,14.0,32.0,20,0,0,0,0.56,8.0,UNLABELED
CLUSTER_504,BPCL Kochi Refinery (Ambalamugal),21.46,8.15,439415.2,0.018,0.8,14.0,32.0,20,0,0,0,0.48,14.4,UNLABELED
CLUSTER_271,IOCL Panipat Petrochemical Complex,21.4,7.53,313222.7,0.053,0.8,14.0,32.0,20,0,0,0,0.36,29.9,UNLABELED
CLUSTER_536,CPCL Manali Refinery Complex,21.38,5.77,314888.0,0.018,0.8,14.0,32.0,20,0,0,0,0.32,8.0,UNLABELED
CLUSTER_183,Tata Steel Jamshedpur Works,21.37,6.61,113472.4,0.053,0.8,14.0,32.0,20,0,0,0,0.28,48.0,UNLABELED
CLUSTER_539,MRPL Mangalore Refinery,21.35,6.31,230636.5,0.018,0.8,14.0,32.0,20,0,0,0,0.36,8.0,UNLABELED
CLUSTER_615,IOCL Panipat Petrochemical Complex,21.34,4.43,324687.2,0.018,0.8,14.0,32.0,20,0,0,0,0.21,8.0,UNLABELED
CLUSTER_495,BPCL Kochi Refinery (Ambalamugal),21.33,6.96,189510.1,0.018,0.8,14.0,32.0,20,0,0,0,0.41,8.0,UNLABELED
CLUSTER_115,IOCL Panipat Petrochemical Complex,21.32,3.77,302975.0,0.018,0.8,14.0,32.0,20,0,0,0,0.18,8.0,UNLABELED
CLUSTER_251,Khavda Renewable Energy Park,21.32,5.21,362573.4,0.018,0.8,14.0,32.0,20,0,0,0,0.43,8.0,UNLABELED
CLUSTER_602,IOCL Panipat Petrochemical Complex,21.31,5.66,301182.5,0.018,0.8,14.0,32.0,20,0,0,0,0.27,8.0,UNLABELED
CLUSTER_859,GIDC,21.31,2.8,2293.0,0.018,0.8,14.0,32.0,20,0,0,0,0.28,14.6,UNLABELED
CLUSTER_309,CPCL Manali Refinery Complex,21.31,7.15,501119.0,0.018,0.8,14.0,32.0,20,0,0,0,0.4,8.0,UNLABELED
CLUSTER_369,IOCL Panipat Petrochemical Complex,21.29,3.0,440263.5,0.018,0.8,14.0,32.0,20,0,0,0,0.14,8.0,UNLABELED
CLUSTER_815,Unnamed Industrial Facility,21.25,5.08,228503.3,0.018,0.8,14.0,32.0,20,0,0,0,0.42,8.0,UNLABELED
CLUSTER_247,IOCL Mathura Refinery,21.22,3.8,287042.2,0.018,0.8,14.0,32.0,20,0,0,0,0.23,8.0,UNLABELED
CLUSTER_761,BPCL Kochi Refinery (Ambalamugal),21.21,5.26,520790.2,0.018,0.8,14.0,32.0,20,0,0,0,0.31,8.0,UNLABELED
CLUSTER_317,IOCL Mathura Refinery,21.19,5.25,39221.9,0.018,0.8,14.0,32.0,20,0,0,0,0.32,8.0,UNLABELED
CLUSTER_463,BPCL Kochi Refinery (Ambalamugal),21.19,8.07,502903.1,0.018,0.8,14.0,32.0,20,0,0,0,0.47,8.0,UNLABELED
CLUSTER_486,BPCL Kochi Refinery (Ambalamugal),21.18,8.76,469819.8,0.018,0.8,14.0,32.0,20,0,0,0,0.52,8.0,UNLABELED
CLUSTER_270,IOCL Panipat Petrochemical Complex,21.17,5.58,498990.5,0.018,0.8,14.0,32.0,20,0,0,0,0.27,8.0,UNLABELED
CLUSTER_439,IOCL Panipat Petrochemical Complex,21.14,5.3,320088.0,0.018,0.8,14.0,32.0,20,0,0,0,0.25,8.0,UNLABELED
CLUSTER_503,BPCL Kochi Refinery (Ambalamugal),21.12,5.64,437212.9,0.018,0.8,14.0,32.0,20,0,0,0,0.33,8.0,UNLABELED
CLUSTER_772,BPCL Kochi Refinery (Ambalamugal),21.11,8.59,472197.4,0.018,0.8,14.0,32.0,20,0,0,0,0.51,8.0,UNLABELED
CLUSTER_501,BPCL Kochi Refinery (Ambalamugal),21.11,5.59,168942.0,0.018,0.8,14.0,32.0,20,0,0,0,0.33,8.0,UNLABELED
CLUSTER_509,CPCL Manali Refinery Complex,21.1,6.41,434660.9,0.018,0.8,14.0,32.0,20,0,0,0,0.36,8.0,UNLABELED
CLUSTER_823,Khavda Renewable Energy Park,21.07,6.17,248501.9,0.018,0.8,14.0,32.0,20,0,0,0,0.51,8.0,UNLABELED
CLUSTER_460,BPCL Kochi Refinery (Ambalamugal),21.06,4.16,457882.4,0.018,0.8,14.0,32.0,20,0,0,0,0.24,8.0,UNLABELED
CLUSTER_804,MRPL Mangalore Refinery,21.06,3.46,384432.1,0.018,0.8,14.0,32.0,20,0,0,0,0.2,8.0,UNLABELED
CLUSTER_234,CPCL Manali Refinery Complex,21.06,7.48,479818.9,0.018,0.8,14.0,32.0,20,0,0,0,0.42,8.0,UNLABELED
CLUSTER_505,BPCL Kochi Refinery (Ambalamugal),21.06,5.69,159400.3,0.018,0.8,14.0,32.0,20,0,0,0,0.33,8.0,UNLABELED
CLUSTER_783,BPCL Kochi Refinery (Ambalamugal),21.04,4.22,179746.5,0.018,0.8,14.0,32.0,20,0,0,0,0.25,8.0,UNLABELED
CLUSTER_780,BPCL Kochi Refinery (Ambalamugal),21.04,4.61,290791.7,0.018,0.8,14.0,32.0,20,0,0,0,0.27,8.0,UNLABELED
CLUSTER_065,BPCL Kochi Refinery (Ambalamugal),21.01,4.56,225560.6,0.018,0.8,14.0,32.0,20,0,0,0,0.27,8.0,UNLABELED
CLUSTER_491,BPCL Kochi Refinery (Ambalamugal),20.99,6.59,473356.7,0.018,0.8,14.0,32.0,20,0,0,0,0.39,8.0,UNLABELED
CLUSTER_494,BPCL Kochi Refinery (Ambalamugal),20.99,7.58,431668.9,0.018,0.8,14.0,32.0,20,0,0,0,0.45,8.0,UNLABELED
CLUSTER_758,BPCL Kochi Refinery (Ambalamugal),20.97,7.16,545412.7,0.018,0.8,14.0,32.0,20,0,0,0,0.42,8.0,UNLABELED
CLUSTER_508,CPCL Manali Refinery Complex,20.96,7.22,437746.8,0.018,0.8,14.0,32.0,20,0,0,0,0.4,8.0,UNLABELED
CLUSTER_326,IOCL Panipat Petrochemical Complex,20.96,5.08,346441.5,0.018,0.8,14.0,32.0,20,0,0,0,0.24,8.0,UNLABELED
CLUSTER_313,Haldia Petrochemicals Complex,20.95,6.59,969321.6,0.018,0.8,14.0,32.0,20,0,0,0,0.36,8.0,UNLABELED
CLUSTER_600,IOCL Panipat Petrochemical Complex,20.95,6.69,303363.8,0.018,0.8,14.0,32.0,20,0,0,0,0.32,8.0,UNLABELED
CLUSTER_465,BPCL Kochi Refinery (Ambalamugal),20.94,3.56,245174.5,0.018,0.8,14.0,32.0,20,0,0,0,0.21,8.0,UNLABELED
CLUSTER_099,IOCL Panipat Petrochemical Complex,20.94,3.81,428260.0,0.018,0.8,14.0,32.0,20,0,0,0,0.18,8.0,UNLABELED
CLUSTER_800,CPCL Manali Refinery Complex,20.92,3.79,229039.8,0.018,0.8,14.0,32.0,20,0,0,0,0.21,8.0,UNLABELED
CLUSTER_414,Haldia Petrochemicals Complex,20.91,7.59,1043427.8,0.018,0.8,14.0,32.0,20,0,0,0,0.41,8.0,UNLABELED
CLUSTER_606,IOCL Panipat Petrochemical Complex,20.91,1.87,330953.8,0.018,0.8,14.0,32.0,20,0,0,0,0.09,8.0,UNLABELED
CLUSTER_412,Haldia Petrochemicals Complex,20.9,5.1,1039405.1,0.018,0.8,14.0,32.0,20,0,0,0,0.28,8.0,UNLABELED
CLUSTER_190,NTPC Khavda,20.89,3.95,217982.8,0.088,0.8,14.0,32.0,20,0,0,0,0.33,49.8,UNLABELED
CLUSTER_595,IOCL Panipat Petrochemical Complex,20.88,6.44,349793.1,0.018,0.8,14.0,32.0,20,0,0,0,0.31,8.0,UNLABELED
CLUSTER_803,CPCL Manali Refinery Complex,20.88,7.55,302683.6,0.018,0.8,14.0,32.0,20,0,0,0,0.42,8.0,UNLABELED
CLUSTER_593,IOCL Panipat Petrochemical Complex,20.87,4.33,273027.6,0.018,0.8,14.0,32.0,20,0,0,0,0.21,13.3,UNLABELED
CLUSTER_094,IOCL Mathura Refinery,20.87,9.17,501886.2,0.018,0.8,14.0,32.0,20,0,0,0,0.56,8.0,UNLABELED
CLUSTER_638,IOCL Panipat Petrochemical Complex,20.86,4.63,403417.3,0.018,0.8,14.0,32.0,20,0,0,0,0.22,8.0,UNLABELED
CLUSTER_429,NTPC Khavda,20.85,2.91,191182.7,0.018,0.8,14.0,32.0,20,0,0,0,0.24,8.0,UNLABELED
CLUSTER_663,SAIL Rourkela Steel Plant,20.84,5.08,127169.6,0.035,0.8,14.0,32.0,20,0,0,0,0.23,39.4,UNLABELED
CLUSTER_408,Haldia Petrochemicals Complex,20.84,5.18,1037219.1,0.018,0.8,14.0,32.0,20,0,0,0,0.28,8.0,UNLABELED
CLUSTER_457,BPCL Kochi Refinery (Ambalamugal),20.83,4.6,556994.9,0.018,0.8,14.0,32.0,20,0,0,0,0.27,8.0,UNLABELED
CLUSTER_623,IOCL Panipat Petrochemical Complex,20.81,3.05,370463.6,0.018,0.8,14.0,32.0,20,0,0,0,0.15,8.0,UNLABELED
CLUSTER_102,IOCL Panipat Petrochemical Complex,20.8,5.3,120561.5,0.018,0.8,14.0,32.0,20,0,0,0,0.25,8.0,UNLABELED
CLUSTER_449,Haldia Petrochemicals Complex,20.8,5.35,1084165.7,0.018,0.8,14.0,32.0,20,0,0,0,0.29,8.0,UNLABELED
CLUSTER_777,BPCL Kochi Refinery (Ambalamugal),20.8,5.31,424349.4,0.018,0.8,14.0,32.0,20,0,0,0,0.31,8.0,UNLABELED
CLUSTER_805,CPCL Manali Refinery Complex,20.79,3.92,337922.2,0.018,0.8,14.0,32.0,20,0,0,0,0.22,8.0,UNLABELED
CLUSTER_724,MRPL Mangalore Refinery,20.79,3.33,311817.6,0.018,0.8,14.0,32.0,20,0,0,0,0.19,15.3,UNLABELED
CLUSTER_253,IOCL Mathura Refinery,20.78,4.5,27419.7,0.018,0.8,14.0,32.0,20,0,0,0,0.27,8.0,UNLABELED
CLUSTER_278,IOCL Panipat Petrochemical Complex,20.78,7.82,407348.6,0.018,0.8,14.0,32.0,20,0,0,0,0.37,8.0,UNLABELED
CLUSTER_096,NTPC Dadri Thermal Power Station,20.77,4.15,59340.8,0.018,0.8,14.0,32.0,20,0,0,0,0.3,8.0,MAINTENANCE_ACTIVITY
CLUSTER_440,IOCL Panipat Petrochemical Complex,20.77,4.18,324281.0,0.018,0.8,14.0,32.0,20,0,0,0,0.2,8.0,UNLABELED
CLUSTER_256,NTPC Dadri Thermal Power Station,20.75,4.38,58302.5,0.018,0.8,14.0,32.0,20,0,0,0,0.31,8.0,MAINTENANCE_ACTIVITY
CLUSTER_756,BPCL Kochi Refinery (Ambalamugal),20.72,6.13,552762.9,0.018,0.8,14.0,32.0,20,0,0,0,0.36,8.0,UNLABELED
CLUSTER_557,Unnamed Industrial Facility,20.71,6.37,167145.7,0.018,0.8,14.0,32.0,20,0,0,0,0.53,8.0,UNLABELED
CLUSTER_066,BPCL Kochi Refinery (Ambalamugal),20.71,2.61,221841.1,0.018,0.8,14.0,32.0,20,0,0,0,0.15,8.0,UNLABELED
CLUSTER_395,Haldia Petrochemicals Complex,20.7,3.27,1044138.8,0.018,0.8,14.0,32.0,20,0,0,0,0.18,8.0,UNLABELED
CLUSTER_583,Unnamed Industrial Facility,20.7,4.71,299297.3,0.018,0.8,14.0,32.0,20,0,0,0,0.39,8.0,UNLABELED
CLUSTER_704,Tata Steel Jamshedpur Works,20.68,7.32,135881.9,0.035,0.8,14.0,32.0,20,0,0,0,0.3,49.3,UNLABELED
CLUSTER_238,BPCL Kochi Refinery (Ambalamugal),20.68,2.66,258468.8,0.018,0.8,14.0,32.0,20,0,0,0,0.16,8.0,UNLABELED
CLUSTER_565,SAIL Rourkela Steel Plant,20.64,5.56,105251.7,0.035,0.8,14.0,32.0,20,0,0,0,0.25,21.5,UNLABELED
CLUSTER_645,IOCL Panipat Petrochemical Complex,20.64,4.05,509859.5,0.018,0.8,14.0,32.0,20,0,0,0,0.19,8.0,UNLABELED
CLUSTER_523,CPCL Manali Refinery Complex,20.64,4.44,169022.8,0.018,0.8,14.0,32.0,20,0,0,0,0.25,8.0,UNLABELED
CLUSTER_533,CPCL Manali Refinery Complex,20.64,6.02,298508.4,0.018,0.8,14.0,32.0,20,0,0,0,0.33,8.0,UNLABELED
CLUSTER_249,Khavda Renewable Energy Park,20.63,5.79,323726.1,0.018,0.8,14.0,32.0,20,0,0,0,0.48,8.0,UNLABELED
CLUSTER_614,IOCL Panipat Petrochemical Complex,20.63,6.94,325224.9,0.018,0.8,14.0,32.0,20,0,0,0,0.33,8.0,UNLABELED
CLUSTER_817,Haldia Petrochemicals Complex,20.63,5.57,623509.0,0.018,0.8,14.0,32.0,20,0,0,0,0.3,8.0,UNLABELED
CLUSTER_325,IOCL Panipat Petrochemical Complex,20.63,5.06,374752.4,0.018,0.8,14.0,32.0,20,0,0,0,0.24,8.0,UNLABELED
CLUSTER_405,Haldia Petrochemicals Complex,20.6,4.49,1012323.9,0.018,0.8,14.0,32.0,20,0,0,0,0.24,8.0,UNLABELED
CLUSTER_428,Khavda Renewable Energy Park,20.57,2.2,151208.9,0.018,0.8,14.0,32.0,20,0,0,0,0.18,8.0,UNLABELED
CLUSTER_033,Unnamed Industrial Facility,20.56,5.28,13698.0,0.018,0.8,14.0,32.0,20,0,0,0,0.44,8.0,UNLABELED
CLUSTER_493,BPCL Kochi Refinery (Ambalamugal),20.56,7.99,447498.4,0.018,0.8,14.0,32.0,20,0,0,0,0.47,8.0,UNLABELED
CLUSTER_437,IOCL Panipat Petrochemical Complex,20.56,6.34,301538.8,0.018,0.8,14.0,32.0,20,0,0,0,0.3,8.0,UNLABELED
CLUSTER_243,MRPL Mangalore Refinery,20.54,6.56,224968.7,0.018,0.8,14.0,32.0,20,0,0,0,0.37,8.0,UNLABELED
CLUSTER_770,BPCL Kochi Refinery (Ambalamugal),20.54,4.9,475014.3,0.018,0.8,14.0,32.0,20,0,0,0,0.29,8.0,UNLABELED
CLUSTER_795,MRPL Mangalore Refinery,20.53,3.41,244196.2,0.018,0.8,14.0,32.0,20,0,0,0,0.19,8.0,UNLABELED
CLUSTER_399,Haldia Petrochemicals Complex,20.53,4.73,988318.8,0.018,0.8,14.0,32.0,20,0,0,0,0.26,8.0,UNLABELED
CLUSTER_261,NTPC Dadri Thermal Power Station,20.51,4.28,97372.7,0.018,0.8,14.0,32.0,20,0,0,0,0.31,8.0,MAINTENANCE_ACTIVITY
CLUSTER_221,BPCL Kochi Refinery (Ambalamugal),20.51,8.55,562078.9,0.018,0.8,14.0,32.0,20,0,0,0,0.5,8.0,UNLABELED
CLUSTER_512,CPCL Manali Refinery Complex,20.51,4.14,421086.7,0.018,0.8,14.0,32.0,20,0,0,0,0.23,8.0,UNLABELED
CLUSTER_553,Rasayani Petrochemical Complex,20.5,1.7,170176.5,0.018,0.8,14.0,32.0,20,0,0,0,0.14,8.0,UNLABELED
CLUSTER_478,CPCL Manali Refinery Complex,20.5,5.03,535030.9,0.018,0.8,14.0,32.0,20,0,0,0,0.28,8.0,UNLABELED
CLUSTER_163,Tata Steel Jamshedpur Works,20.49,4.79,123248.6,0.07,0.8,14.0,32.0,20,0,0,0,0.2,47.1,UNLABELED
CLUSTER_086,Unnamed Industrial Facility,20.48,3.8,185723.0,0.018,0.8,14.0,32.0,20,0,0,0,0.32,8.0,UNLABELED
CLUSTER_621,IOCL Panipat Petrochemical Complex,20.47,4.53,419965.2,0.018,0.8,14.0,32.0,20,0,0,0,0.22,8.0,UNLABELED
CLUSTER_468,BPCL Kochi Refinery (Ambalamugal),20.47,5.76,471995.2,0.018,0.8,14.0,32.0,20,0,0,0,0.34,8.0,UNLABELED
CLUSTER_775,BPCL Kochi Refinery (Ambalamugal),20.46,6.23,428778.8,0.018,0.8,14.0,32.0,20,0,0,0,0.37,8.0,UNLABELED
CLUSTER_540,CPCL Manali Refinery Complex,20.46,3.69,287284.7,0.018,0.8,14.0,32.0,20,0,0,0,0.2,8.0,UNLABELED
CLUSTER_145,SAIL Rourkela Steel Plant,20.45,5.65,115998.2,0.07,0.8,14.0,32.0,20,0,0,0,0.26,52.1,UNLABELED
CLUSTER_100,IOCL Panipat Petrochemical Complex,20.44,4.32,455082.4,0.018,0.8,14.0,32.0,20,0,0,0,0.21,8.0,UNLABELED
CLUSTER_004,Unnamed Industrial Facility,20.43,5.6,39256.1,0.018,0.8,14.0,32.0,20,0,0,0,0.47,8.0,MAINTENANCE_ACTIVITY
CLUSTER_560,SAIL Rourkela Steel Plant,20.43,5.28,147703.6,0.035,0.8,14.0,32.0,20,0,0,0,0.24,31.1,UNLABELED
CLUSTER_760,BPCL Kochi Refinery (Ambalamugal),20.42,4.21,486468.8,0.018,0.8,14.0,32.0,20,0,0,0,0.25,8.0,UNLABELED
CLUSTER_466,BPCL Kochi Refinery (Ambalamugal),20.42,5.49,512724.2,0.018,0.8,14.0,32.0,20,0,0,0,0.32,8.0,UNLABELED
CLUSTER_477,CPCL Manali Refinery Complex,20.41,4.54,535032.2,0.018,0.8,14.0,32.0,20,0,0,0,0.25,8.0,UNLABELED
CLUSTER_471,BPCL Kochi Refinery (Ambalamugal),20.41,5.07,496160.6,0.018,0.8,14.0,32.0,20,0,0,0,0.3,8.0,UNLABELED
CLUSTER_151,Haldia Petrochemicals Complex,20.4,5.85,3910.8,0.053,0.8,14.0,32.0,20,0,0,0,0.32,37.4,UNLABELED
CLUSTER_413,Haldia Petrochemicals Complex,20.39,5.89,1022140.0,0.018,0.8,14.0,32.0,20,0,0,0,0.32,8.0,UNLABELED
CLUSTER_230,BPCL Kochi Refinery (Ambalamugal),20.38,6.69,493782.5,0.018,0.8,14.0,32.0,20,0,0,0,0.39,8.0,UNLABELED
CLUSTER_329,Khavda Renewable Energy Park,20.38,2.31,79300.3,0.018,0.8,14.0,32.0,20,0,0,0,0.19,8.0,UNLABELED
CLUSTER_483,BPCL Kochi Refinery (Ambalamugal),20.37,5.85,504635.4,0.018,0.8,14.0,32.0,20,0,0,0,0.34,8.0,UNLABELED
CLUSTER_627,IOCL Panipat Petrochemical Complex,20.37,2.86,376129.7,0.018,0.8,14.0,32.0,20,0,0,0,0.14,8.0,UNLABELED
CLUSTER_092,Khavda Renewable Energy Park,20.35,2.5,177042.1,0.018,0.8,14.0,32.0,20,0,0,0,0.21,8.0,UNLABELED
CLUSTER_351,Unnamed Industrial Facility,20.34,0.7,1054.0,0.018,0.8,14.0,32.0,20,0,0,0,0.06,8.0,UNLABELED
CLUSTER_045,IOCL Panipat Petrochemical Complex,20.34,5.6,63406.5,0.018,0.8,14.0,32.0,20,0,0,0,0.27,8.0,UNLABELED
CLUSTER_637,IOCL Panipat Petrochemical Complex,20.34,3.68,421104.0,0.018,0.8,14.0,32.0,20,0,0,0,0.18,8.0,UNLABELED
CLUSTER_273,IOCL Panipat Petrochemical Complex,20.33,4.65,398343.1,0.018,0.8,14.0,32.0,20,0,0,0,0.22,8.0,UNLABELED
CLUSTER_354,Haldia Petrochemicals Complex,20.33,3.06,1018460.7,0.018,0.8,14.0,32.0,20,0,0,0,0.17,8.0,UNLABELED
CLUSTER_626,IOCL Panipat Petrochemical Complex,20.33,2.93,374875.2,0.018,0.8,14.0,32.0,20,0,0,0,0.14,8.0,UNLABELED
CLUSTER_531,CPCL Manali Refinery Complex,20.31,2.9,218898.8,0.018,0.8,14.0,32.0,20,0,0,0,0.16,8.0,UNLABELED
CLUSTER_082,Unnamed Industrial Facility,20.31,3.12,188448.8,0.018,0.8,14.0,32.0,20,0,0,0,0.26,8.0,UNLABELED
CLUSTER_573,Unnamed Industrial Facility,20.3,3.29,154866.2,0.018,0.8,14.0,32.0,20,0,0,0,0.27,8.0,UNLABELED
CLUSTER_768,BPCL Kochi Refinery (Ambalamugal),20.3,4.25,495410.8,0.018,0.8,14.0,32.0,20,0,0,0,0.25,8.0,UNLABELED
CLUSTER_757,BPCL Kochi Refinery (Ambalamugal),20.3,4.74,545445.6,0.018,0.8,14.0,32.0,20,0,0,0,0.28,8.0,UNLABELED
CLUSTER_103,IOCL Panipat Petrochemical Complex,20.29,5.72,131362.5,0.018,0.8,14.0,32.0,20,0,0,0,0.27,8.0,UNLABELED
CLUSTER_125,IOCL Panipat Petrochemical Complex,20.29,4.61,349776.1,0.018,0.8,14.0,32.0,20,0,0,0,0.22,8.0,UNLABELED
CLUSTER_396,Haldia Petrochemicals Complex,20.29,4.88,882422.9,0.018,0.8,14.0,32.0,20,0,0,0,0.26,8.0,UNLABELED
CLUSTER_426,Coastal Gujarat Power Ltd,20.29,2.71,9927.7,0.018,0.8,14.0,32.0,20,0,0,0,0.23,8.0,MAINTENANCE_ACTIVITY
CLUSTER_543,CPCL Manali Refinery Complex,20.28,2.9,233273.1,0.018,0.8,14.0,32.0,20,0,0,0,0.16,8.0,UNLABELED
CLUSTER_513,CPCL Manali Refinery Complex,20.28,6.25,415569.8,0.018,0.8,14.0,32.0,20,0,0,0,0.35,8.0,UNLABELED
CLUSTER_813,Rasayani Petrochemical Complex,20.28,5.75,271104.7,0.018,0.8,14.0,32.0,20,0,0,0,0.48,8.0,UNLABELED
CLUSTER_415,Haldia Petrochemicals Complex,20.27,4.04,1039971.3,0.018,0.8,14.0,32.0,20,0,0,0,0.22,8.0,UNLABELED
CLUSTER_226,BPCL Kochi Refinery (Ambalamugal),20.27,7.72,510626.7,0.018,0.8,14.0,32.0,20,0,0,0,0.45,8.0,UNLABELED
CLUSTER_220,CPCL Manali Refinery Complex,20.27,4.18,587030.7,0.018,0.8,14.0,32.0,20,0,0,0,0.23,8.0,UNLABELED
CLUSTER_170,Tata Steel Jamshedpur Works,20.26,5.66,109715.5,0.053,0.8,14.0,32.0,20,0,0,0,0.24,49.4,UNLABELED
CLUSTER_242,MRPL Mangalore Refinery,20.26,5.39,199853.5,0.018,0.8,14.0,32.0,20,0,0,0,0.31,8.0,UNLABELED
CLUSTER_453,BPCL Kochi Refinery (Ambalamugal),20.25,7.22,465616.5,0.018,0.8,14.0,32.0,20,0,0,0,0.42,8.0,UNLABELED
CLUSTER_062,BPCL Kochi Refinery (Ambalamugal),20.25,4.66,517564.2,0.018,0.8,14.0,32.0,20,0,0,0,0.27,8.0,UNLABELED
CLUSTER_759,BPCL Kochi Refinery (Ambalamugal),20.24,4.94,535550.1,0.018,0.8,14.0,32.0,20,0,0,0,0.29,8.0,UNLABELED
CLUSTER_372,IOCL Panipat Petrochemical Complex,20.24,4.12,288666.2,0.018,0.8,14.0,32.0,20,0,0,0,0.2,8.0,UNLABELED
CLUSTER_443,Haldia Petrochemicals Complex,20.24,2.24,863890.7,0.018,0.8,14.0,32.0,20,0,0,0,0.12,8.0,UNLABELED
CLUSTER_561,IOCL Paradip Refinery Complex,20.23,5.38,94786.9,0.035,0.8,14.0,32.0,20,0,0,0,0.26,26.7,UNLABELED
CLUSTER_492,BPCL Kochi Refinery (Ambalamugal),20.23,7.07,476246.2,0.018,0.8,14.0,32.0,20,0,0,0,0.42,8.0,UNLABELED
CLUSTER_532,MRPL Mangalore Refinery,20.22,7.42,196640.6,0.018,0.8,14.0,32.0,20,0,0,0,0.42,8.0,UNLABELED
CLUSTER_240,BPCL Kochi Refinery (Ambalamugal),20.22,2.85,246709.0,0.018,0.8,14.0,32.0,20,0,0,0,0.17,8.0,UNLABELED
CLUSTER_118,IOCL Panipat Petrochemical Complex,20.21,4.63,311688.7,0.018,0.8,14.0,32.0,20,0,0,0,0.22,8.0,UNLABELED
CLUSTER_636,IOCL Panipat Petrochemical Complex,20.21,3.67,345233.8,0.018,0.8,14.0,32.0,20,0,0,0,0.17,8.0,UNLABELED
CLUSTER_225,BPCL Kochi Refinery (Ambalamugal),20.21,4.29,508747.6,0.018,0.8,14.0,32.0,20,0,0,0,0.25,8.0,UNLABELED
CLUSTER_269,IOCL Panipat Petrochemical Complex,20.2,2.64,132339.9,0.035,0.8,14.0,32.0,20,0,0,0,0.13,15.5,UNLABELED
CLUSTER_520,CPCL Manali Refinery Complex,20.2,4.11,254680.8,0.018,0.8,14.0,32.0,20,0,0,0,0.23,8.0,UNLABELED
CLUSTER_248,Khavda Renewable Energy Park,20.2,6.22,155506.7,0.018,0.8,14.0,32.0,20,0,0,0,0.52,8.0,UNLABELED
CLUSTER_363,Bhuj Sector 274,20.19,3.02,7894.8,0.018,0.8,14.0,32.0,20,0,0,0,0.25,8.0,UNLABELED
CLUSTER_458,CPCL Manali Refinery Complex,20.18,4.54,575452.9,0.018,0.8,14.0,32.0,20,0,0,0,0.25,8.0,UNLABELED
CLUSTER_696,Haldia Petrochemicals Complex,20.16,4.3,86699.7,0.035,0.8,14.0,32.0,20,0,0,0,0.23,20.0,UNLABELED
CLUSTER_535,CPCL Manali Refinery Complex,20.16,3.84,108020.6,0.018,0.8,14.0,32.0,20,0,0,0,0.21,8.0,UNLABELED
CLUSTER_635,IOCL Panipat Petrochemical Complex,20.15,4.65,339607.6,0.018,0.8,14.0,32.0,20,0,0,0,0.22,8.0,UNLABELED
CLUSTER_797,CPCL Manali Refinery Complex,20.14,5.84,183600.3,0.018,0.8,14.0,32.0,20,0,0,0,0.32,8.0,UNLABELED
CLUSTER_245,Unnamed Industrial Facility,20.14,5.34,4980.6,0.018,0.8,14.0,32.0,20,0,0,0,0.45,8.0,UNLABELED
CLUSTER_376,IOCL Panipat Petrochemical Complex,20.13,3.03,514704.9,0.018,0.8,14.0,32.0,20,0,0,0,0.14,8.0,UNLABELED
CLUSTER_789,MRPL Mangalore Refinery,20.12,2.85,229163.0,0.018,0.8,14.0,32.0,20,0,0,0,0.16,8.0,UNLABELED
CLUSTER_648,IOCL Panipat Petrochemical Complex,20.12,3.01,624392.7,0.018,0.8,14.0,32.0,20,0,0,0,0.14,8.0,UNLABELED
CLUSTER_321,IOCL Panipat Petrochemical Complex,20.11,3.45,129246.5,0.018,0.8,14.0,32.0,20,0,0,0,0.16,8.0,UNLABELED
CLUSTER_293,SAIL Rourkela Steel Plant,20.11,4.2,169597.0,0.07,0.8,14.0,32.0,20,0,0,0,0.19,45.6,UNLABELED
CLUSTER_549,CPCL Manali Refinery Complex,20.11,3.65,430958.0,0.018,0.8,14.0,32.0,20,0,0,0,0.2,8.0,UNLABELED
CLUSTER_007,Unnamed Industrial Facility,20.11,2.0,1477.0,0.07,0.8,14.0,32.0,20,1,0,0,0.17,42.2,UNLABELED
CLUSTER_528,CPCL Manali Refinery Complex,20.1,6.01,48315.3,0.018,0.8,14.0,32.0,20,0,0,0,0.33,8.0,UNLABELED
CLUSTER_324,IOCL Panipat Petrochemical Complex,20.09,2.68,471391.9,0.018,0.8,14.0,32.0,20,0,0,0,0.13,8.0,UNLABELED
CLUSTER_312,SAIL Rourkela Steel Plant,20.08,4.78,103924.9,0.053,0.8,14.0,32.0,20,0,0,0,0.22,42.9,UNLABELED
CLUSTER_330,Unnamed Industrial Facility,20.08,3.04,222883.9,0.018,0.8,14.0,32.0,20,0,0,0,0.25,8.0,UNLABELED
CLUSTER_272,IOCL Panipat Petrochemical Complex,20.08,4.6,311752.5,0.018,0.8,14.0,32.0,20,0,0,0,0.22,8.0,UNLABELED
CLUSTER_765,CPCL Manali Refinery Complex,20.07,5.24,534880.1,0.018,0.8,14.0,32.0,20,0,0,0,0.29,8.0,UNLABELED
CLUSTER_371,IOCL Panipat Petrochemical Complex,20.06,5.69,342912.9,0.018,0.8,14.0,32.0,20,0,0,0,0.27,13.1,UNLABELED
CLUSTER_811,Rasayani Petrochemical Complex,20.05,5.12,249431.1,0.018,0.8,14.0,32.0,20,0,0,0,0.43,8.0,UNLABELED
CLUSTER_402,Haldia Petrochemicals Complex,20.05,5.72,1020294.4,0.018,0.8,14.0,32.0,20,0,0,0,0.31,8.0,UNLABELED
CLUSTER_555,HPCL Visakhapatnam Refinery,20.04,4.18,192339.8,0.035,0.8,14.0,32.0,20,0,0,0,0.26,33.3,UNLABELED
CLUSTER_310,CPCL Manali Refinery Complex,20.04,6.82,491555.3,0.018,0.8,14.0,32.0,20,0,0,0,0.38,8.0,UNLABELED
CLUSTER_075,CPCL Manali Refinery Complex,20.04,3.85,335586.1,0.018,0.8,14.0,32.0,20,0,0,0,0.21,15.2,UNLABELED
CLUSTER_462,BPCL Kochi Refinery (Ambalamugal),20.04,6.07,549220.3,0.018,0.8,14.0,32.0,20,0,0,0,0.36,8.0,UNLABELED
CLUSTER_521,CPCL Manali Refinery Complex,20.03,4.33,203664.5,0.018,0.8,14.0,32.0,20,0,0,0,0.24,8.0,UNLABELED
CLUSTER_484,CPCL Manali Refinery Complex,20.03,5.75,516493.7,0.018,0.8,14.0,32.0,20,0,0,0,0.32,8.0,UNLABELED
CLUSTER_411,Haldia Petrochemicals Complex,20.02,3.13,1042478.7,0.018,0.8,14.0,32.0,20,0,0,0,0.17,8.0,UNLABELED
CLUSTER_050,SAIL Rourkela Steel Plant,20.02,5.1,86059.0,0.018,0.8,14.0,32.0,20,0,0,0,0.23,8.0,UNLABELED
CLUSTER_263,IOCL Panipat Petrochemical Complex,20.01,4.2,114931.2,0.018,0.8,14.0,32.0,20,0,0,0,0.2,8.0,UNLABELED
CLUSTER_799,CPCL Manali Refinery Complex,20.01,4.21,217777.1,0.018,0.8,14.0,32.0,20,0,0,0,0.23,8.0,UNLABELED
CLUSTER_475,CPCL Manali Refinery Complex,20.01,4.06,541223.8,0.018,0.8,14.0,32.0,20,0,0,0,0.23,8.0,UNLABELED
CLUSTER_829,Unnamed Industrial Facility,20.0,4.1,45344.4,0.018,0.8,14.0,32.0,20,0,0,0,0.34,8.0,UNLABELED
CLUSTER_809,HPCL Visakhapatnam Refinery,20.0,3.59,266891.0,0.018,0.8,14.0,32.0,20,0,0,0,0.22,8.0,UNLABELED
CLUSTER_071,CPCL Manali Refinery Complex,19.99,3.82,292923.9,0.018,0.8,14.0,32.0,20,0,0,0,0.21,8.0,UNLABELED
CLUSTER_771,BPCL Kochi Refinery (Ambalamugal),19.98,5.98,190161.9,0.018,0.8,14.0,32.0,20,0,0,0,0.35,8.0,UNLABELED
CLUSTER_450,Haldia Petrochemicals Complex,19.98,3.98,1107203.4,0.018,0.8,14.0,32.0,20,0,0,0,0.22,8.0,UNLABELED
CLUSTER_314,NTPC Khavda,19.98,4.27,219554.0,0.018,0.8,14.0,32.0,20,0,0,0,0.36,8.0,UNLABELED
CLUSTER_752,Haldia Petrochemicals Complex,19.97,4.92,871668.4,0.018,0.8,14.0,32.0,20,0,0,0,0.27,8.0,UNLABELED
CLUSTER_550,HPCL Visakhapatnam Refinery,19.97,2.3,406179.0,0.018,0.8,14.0,32.0,20,0,0,0,0.14,8.0,UNLABELED
CLUSTER_280,NTPC Khavda,19.96,5.01,422945.9,0.018,0.8,14.0,32.0,20,0,0,0,0.42,8.0,UNLABELED
CLUSTER_796,CPCL Manali Refinery Complex,19.96,4.93,201591.9,0.018,0.8,14.0,32.0,20,0,0,0,0.27,8.0,UNLABELED
CLUSTER_610,IOCL Panipat Petrochemical Complex,19.96,1.75,333369.7,0.018,0.8,14.0,32.0,20,0,0,0,0.08,8.0,UNLABELED
CLUSTER_153,SAIL Bhilai Steel Plant,19.96,4.97,177339.3,0.07,0.8,14.0,32.0,20,0,0,0,0.22,37.7,UNLABELED
CLUSTER_121,IOCL Panipat Petrochemical Complex,19.95,3.36,320368.9,0.018,0.8,14.0,32.0,20,0,0,0,0.16,8.0,UNLABELED
CLUSTER_766,BPCL Kochi Refinery (Ambalamugal),19.95,5.16,491270.7,0.018,0.8,14.0,32.0,20,0,0,0,0.3,8.0,UNLABELED
CLUSTER_588,Bhiwadi RIICO Industrial Cluster,19.94,2.96,18630.3,0.018,0.8,14.0,32.0,20,0,0,0,0.3,8.0,UNLABELED
CLUSTER_616,IOCL Panipat Petrochemical Complex,19.93,3.27,310276.7,0.018,0.8,14.0,32.0,20,0,0,0,0.16,8.0,UNLABELED
CLUSTER_258,NTPC Dadri Thermal Power Station,19.92,4.15,53494.2,0.018,0.8,14.0,32.0,20,0,0,0,0.3,8.0,MAINTENANCE_ACTIVITY
CLUSTER_534,CPCL Manali Refinery Complex,19.92,2.83,99713.7,0.018,0.8,14.0,32.0,20,0,0,0,0.16,8.0,UNLABELED
CLUSTER_277,IOCL Panipat Petrochemical Complex,19.91,3.13,325149.6,0.018,0.8,14.0,32.0,20,0,0,0,0.15,8.0,UNLABELED
CLUSTER_603,IOCL Panipat Petrochemical Complex,19.91,3.49,311856.1,0.018,0.8,14.0,32.0,20,0,0,0,0.17,8.0,UNLABELED
CLUSTER_613,IOCL Panipat Petrochemical Complex,19.9,3.33,313168.2,0.018,0.8,14.0,32.0,20,0,0,0,0.16,8.0,UNLABELED
CLUSTER_254,IOCL Mathura Refinery,19.9,2.81,63638.4,0.018,0.8,14.0,32.0,20,0,0,0,0.17,8.0,UNLABELED
CLUSTER_801,MRPL Mangalore Refinery,19.9,2.25,324091.7,0.018,0.8,14.0,32.0,20,0,0,0,0.13,8.0,UNLABELED
CLUSTER_552,Rasayani Petrochemical Complex,19.89,4.05,125821.0,0.018,0.8,14.0,32.0,20,0,0,0,0.34,8.0,UNLABELED
CLUSTER_090,Khavda Renewable Energy Park,19.89,3.55,154779.5,0.123,0.8,14.0,32.0,20,0,0,0,0.3,54.6,UNLABELED
CLUSTER_810,HPCL Visakhapatnam Refinery,19.89,3.14,191977.6,0.018,0.8,14.0,32.0,20,0,0,0,0.2,8.0,UNLABELED
CLUSTER_093,Khavda Renewable Energy Park,19.88,4.61,347694.2,0.018,0.8,14.0,32.0,20,0,0,0,0.38,8.0,UNLABELED
CLUSTER_235,CPCL Manali Refinery Complex,19.88,5.36,470603.7,0.018,0.8,14.0,32.0,20,0,0,0,0.3,8.0,UNLABELED
CLUSTER_496,BPCL Kochi Refinery (Ambalamugal),19.88,4.04,428867.5,0.018,0.8,14.0,32.0,20,0,0,0,0.24,8.0,UNLABELED
CLUSTER_538,MRPL Mangalore Refinery,19.87,2.9,186734.4,0.018,0.8,14.0,32.0,20,0,0,0,0.17,8.0,UNLABELED
CLUSTER_265,Unnamed Industrial Facility,19.87,2.47,564452.2,0.035,0.8,14.0,32.0,20,0,0,0,0.21,15.5,UNLABELED
CLUSTER_276,IOCL Panipat Petrochemical Complex,19.87,3.49,513203.3,0.018,0.8,14.0,32.0,20,0,0,0,0.17,8.0,UNLABELED
CLUSTER_089,Unnamed Industrial Facility,19.87,3.71,148973.2,0.018,0.8,14.0,32.0,20,0,0,0,0.31,8.0,UNLABELED
CLUSTER_782,BPCL Kochi Refinery (Ambalamugal),19.87,3.52,210672.2,0.018,0.8,14.0,32.0,20,0,0,0,0.21,8.0,UNLABELED
CLUSTER_631,IOCL Panipat Petrochemical Complex,19.86,4.2,386465.1,0.018,0.8,14.0,32.0,20,0,0,0,0.2,8.0,UNLABELED
CLUSTER_355,Haldia Petrochemicals Complex,19.85,4.3,862616.8,0.018,0.8,14.0,32.0,20,0,0,0,0.23,8.0,UNLABELED
CLUSTER_236,BPCL Kochi Refinery (Ambalamugal),19.84,3.18,169112.9,0.018,0.8,14.0,32.0,20,0,0,0,0.19,8.0,UNLABELED
CLUSTER_781,BPCL Kochi Refinery (Ambalamugal),19.84,2.63,184498.7,0.018,0.8,14.0,32.0,20,0,0,0,0.15,8.0,UNLABELED
CLUSTER_779,BPCL Kochi Refinery (Ambalamugal),19.84,4.45,280258.8,0.018,0.8,14.0,32.0,20,0,0,0,0.26,8.0,UNLABELED
CLUSTER_792,CPCL Manali Refinery Complex,19.84,2.86,101302.8,0.018,0.8,14.0,32.0,20,0,0,0,0.16,8.0,UNLABELED
CLUSTER_080,HPCL Visakhapatnam Refinery,19.83,4.02,288448.5,0.018,0.8,14.0,32.0,20,0,0,0,0.25,8.0,UNLABELED
CLUSTER_403,Haldia Petrochemicals Complex,19.83,4.98,933079.6,0.018,0.8,14.0,32.0,20,0,0,0,0.27,8.0,UNLABELED
CLUSTER_469,BPCL Kochi Refinery (Ambalamugal),19.83,2.85,467052.0,0.018,0.8,14.0,32.0,20,0,0,0,0.17,8.0,UNLABELED
CLUSTER_274,IOCL Panipat Petrochemical Complex,19.83,4.53,309812.2,0.018,0.8,14.0,32.0,20,0,0,0,0.22,8.0,UNLABELED
CLUSTER_584,Unnamed Industrial Facility,19.82,2.35,214524.7,0.018,0.8,14.0,32.0,20,0,0,0,0.2,8.0,UNLABELED
CLUSTER_212,SAIL Bhilai Steel Plant,19.82,3.59,290622.6,0.053,0.8,14.0,32.0,20,0,0,0,0.16,38.7,UNLABELED
CLUSTER_590,IOCL Panipat Petrochemical Complex,19.81,3.84,425114.0,0.018,0.8,14.0,32.0,20,0,0,0,0.18,8.0,UNLABELED
CLUSTER_041,Unnamed Industrial Facility,19.81,4.8,73047.7,0.018,0.8,14.0,32.0,20,0,0,0,0.4,8.0,UNLABELED
CLUSTER_108,IOCL Panipat Petrochemical Complex,19.8,2.59,479289.7,0.018,0.8,14.0,32.0,20,0,0,0,0.12,8.0,UNLABELED
CLUSTER_116,IOCL Panipat Petrochemical Complex,19.8,2.22,490705.5,0.018,0.8,14.0,32.0,20,0,0,0,0.11,8.0,UNLABELED
CLUSTER_702,Tata Steel Jamshedpur Works,19.8,4.89,135926.0,0.035,0.8,14.0,32.0,20,0,0,0,0.2,30.8,UNLABELED
CLUSTER_114,IOCL Panipat Petrochemical Complex,19.79,2.76,493296.0,0.018,0.8,14.0,32.0,20,0,0,0,0.13,8.0,UNLABELED
CLUSTER_519,BPCL Kochi Refinery (Ambalamugal),19.79,4.11,255546.6,0.018,0.8,14.0,32.0,20,0,0,0,0.24,8.0,UNLABELED
CLUSTER_005,Unnamed Industrial Facility,19.77,4.2,38566.6,0.018,0.8,14.0,32.0,20,0,0,0,0.35,8.0,UNLABELED
CLUSTER_522,CPCL Manali Refinery Complex,19.77,4.43,234880.8,0.018,0.8,14.0,32.0,20,0,0,0,0.25,8.0,UNLABELED
CLUSTER_224,BPCL Kochi Refinery (Ambalamugal),19.75,3.64,547620.0,0.018,0.8,14.0,32.0,20,0,0,0,0.21,8.0,UNLABELED
CLUSTER_576,Unnamed Industrial Facility,19.75,3.2,180499.3,0.018,0.8,14.0,32.0,20,0,0,0,0.27,8.0,UNLABELED
CLUSTER_556,Unnamed Industrial Facility,19.75,4.81,135049.2,0.018,0.8,14.0,32.0,20,0,0,0,0.4,8.0,UNLABELED
CLUSTER_237,CPCL Manali Refinery Complex,19.75,2.49,417947.3,0.018,0.8,14.0,32.0,20,0,0,0,0.14,8.0,UNLABELED
CLUSTER_222,BPCL Kochi Refinery (Ambalamugal),19.74,4.91,556599.3,0.018,0.8,14.0,32.0,20,0,0,0,0.29,8.0,UNLABELED
CLUSTER_455,BPCL Kochi Refinery (Ambalamugal),19.73,3.43,557059.6,0.018,0.8,14.0,32.0,20,0,0,0,0.2,8.0,UNLABELED
CLUSTER_578,Unnamed Industrial Facility,19.72,2.38,259989.3,0.018,0.8,14.0,32.0,20,0,0,0,0.2,8.0,UNLABELED
CLUSTER_601,IOCL Panipat Petrochemical Complex,19.72,2.81,367621.7,0.018,0.8,14.0,32.0,20,0,0,0,0.13,8.0,UNLABELED
CLUSTER_308,BPCL Kochi Refinery (Ambalamugal),19.71,3.08,449946.9,0.018,0.8,14.0,32.0,20,0,0,0,0.18,8.0,UNLABELED
CLUSTER_279,IOCL Panipat Petrochemical Complex,19.71,3.58,346187.0,0.018,0.8,14.0,32.0,20,0,0,0,0.17,8.0,UNLABELED
CLUSTER_322,IOCL Panipat Petrochemical Complex,19.7,3.44,288579.3,0.035,0.8,14.0,32.0,20,0,0,0,0.16,15.5,UNLABELED
CLUSTER_784,BPCL Kochi Refinery (Ambalamugal),19.7,3.85,142753.8,0.018,0.8,14.0,32.0,20,0,0,0,0.23,8.0,UNLABELED
CLUSTER_055,BPCL Kochi Refinery (Ambalamugal),19.7,4.6,269732.7,0.018,0.8,14.0,32.0,20,0,0,0,0.27,8.0,UNLABELED
CLUSTER_107,IOCL Panipat Petrochemical Complex,19.7,2.41,293831.8,0.018,0.8,14.0,32.0,20,0,0,0,0.11,8.0,UNLABELED
CLUSTER_306,BPCL Kochi Refinery (Ambalamugal),19.69,5.33,514877.8,0.018,0.8,14.0,32.0,20,0,0,0,0.31,8.0,UNLABELED
CLUSTER_070,CPCL Manali Refinery Complex,19.69,3.81,97769.7,0.018,0.8,14.0,32.0,20,0,0,0,0.21,8.0,UNLABELED
CLUSTER_497,BPCL Kochi Refinery (Ambalamugal),19.69,2.96,182217.0,0.018,0.8,14.0,32.0,20,0,0,0,0.17,8.0,UNLABELED
CLUSTER_423,CPCL Manali Refinery Complex,19.69,4.94,412346.9,0.018,0.8,14.0,32.0,20,0,0,0,0.27,8.0,UNLABELED
CLUSTER_488,CPCL Manali Refinery Complex,19.68,4.69,509344.3,0.018,0.8,14.0,32.0,20,0,0,0,0.26,8.0,UNLABELED
CLUSTER_223,BPCL Kochi Refinery (Ambalamugal),19.68,2.7,553922.3,0.018,0.8,14.0,32.0,20,0,0,0,0.16,8.0,UNLABELED
CLUSTER_679,SAIL Rourkela Steel Plant,19.67,4.27,100371.2,0.035,0.8,14.0,32.0,20,0,0,0,0.19,30.2,UNLABELED
CLUSTER_802,CPCL Manali Refinery Complex,19.66,1.19,274381.2,0.018,0.8,14.0,32.0,20,0,0,0,0.07,8.0,UNLABELED
CLUSTER_106,IOCL Panipat Petrochemical Complex,19.66,3.22,294861.3,0.018,0.8,14.0,32.0,20,0,0,0,0.15,8.0,UNLABELED
CLUSTER_373,IOCL Panipat Petrochemical Complex,19.65,3.11,326014.7,0.018,0.8,14.0,32.0,20,0,0,0,0.15,8.0,UNLABELED
CLUSTER_239,CPCL Manali Refinery Complex,19.65,4.18,410998.9,0.018,0.8,14.0,32.0,20,0,0,0,0.23,8.0,UNLABELED
CLUSTER_381,Haldia Petrochemicals Complex,19.64,4.04,924436.0,0.035,0.8,14.0,32.0,20,0,0,0,0.22,15.5,UNLABELED
CLUSTER_160,Tata Steel Jamshedpur Works,19.63,3.89,123166.7,0.053,0.8,14.0,32.0,20,0,0,0,0.16,39.6,UNLABELED
CLUSTER_472,BPCL Kochi Refinery (Ambalamugal),19.62,4.93,516346.8,0.018,0.8,14.0,32.0,20,0,0,0,0.29,8.0,UNLABELED
CLUSTER_229,BPCL Kochi Refinery (Ambalamugal),19.62,4.59,450122.0,0.018,0.8,14.0,32.0,20,0,0,0,0.27,8.0,UNLABELED
CLUSTER_537,MRPL Mangalore Refinery,19.61,3.06,246923.3,0.018,0.8,14.0,32.0,20,0,0,0,0.17,8.0,UNLABELED
CLUSTER_078,CPCL Manali Refinery Complex,19.61,2.45,463345.2,0.018,0.8,14.0,32.0,20,0,0,0,0.14,8.0,UNLABELED
CLUSTER_640,IOCL Panipat Petrochemical Complex,19.61,3.15,519864.6,0.018,0.8,14.0,32.0,20,0,0,0,0.15,8.0,UNLABELED
CLUSTER_098,IOCL Panipat Petrochemical Complex,19.61,3.29,20363.1,0.018,0.8,14.0,32.0,20,0,0,0,0.16,8.0,UNLABELED
CLUSTER_632,IOCL Panipat Petrochemical Complex,19.6,2.73,429699.6,0.018,0.8,14.0,32.0,20,0,0,0,0.13,8.0,UNLABELED
CLUSTER_067,BPCL Kochi Refinery (Ambalamugal),19.6,3.71,168823.3,0.018,0.8,14.0,32.0,20,0,0,0,0.22,8.0,UNLABELED
CLUSTER_246,IOCL Mathura Refinery,19.59,2.8,418501.4,0.018,0.8,14.0,32.0,20,0,0,0,0.17,8.0,UNLABELED
CLUSTER_307,BPCL Kochi Refinery (Ambalamugal),19.59,2.96,543675.5,0.018,0.8,14.0,32.0,20,0,0,0,0.17,8.0,UNLABELED
CLUSTER_119,IOCL Panipat Petrochemical Complex,19.59,2.45,487522.3,0.018,0.8,14.0,32.0,20,0,0,0,0.12,8.0,UNLABELED
CLUSTER_069,CPCL Manali Refinery Complex,19.58,3.27,12720.4,0.018,0.8,14.0,32.0,20,0,0,0,0.18,8.0,UNLABELED
CLUSTER_241,BPCL Kochi Refinery (Ambalamugal),19.58,2.89,187871.0,0.018,0.8,14.0,32.0,20,0,0,0,0.17,8.0,UNLABELED
CLUSTER_129,IOCL Panipat Petrochemical Complex,19.58,4.68,737968.7,0.018,0.8,14.0,32.0,20,0,0,0,0.22,8.0,UNLABELED
CLUSTER_574,Unnamed Industrial Facility,19.57,2.25,256939.8,0.018,0.8,14.0,32.0,20,0,0,0,0.19,8.0,UNLABELED
CLUSTER_597,IOCL Panipat Petrochemical Complex,19.56,4.32,328915.7,0.018,0.8,14.0,32.0,20,0,0,0,0.21,8.0,UNLABELED
CLUSTER_445,Haldia Petrochemicals Complex,19.56,3.72,952903.8,0.018,0.8,14.0,32.0,20,0,0,0,0.2,8.0,UNLABELED
CLUSTER_388,NTPC Dadri Thermal Power Station,19.56,1.05,1629.5,0.018,0.8,14.0,32.0,20,0,0,0,0.07,8.0,MAINTENANCE_ACTIVITY
CLUSTER_524,CPCL Manali Refinery Complex,19.55,2.8,196341.6,0.018,0.8,14.0,32.0,20,0,0,0,0.16,8.0,UNLABELED
CLUSTER_435,IOCL Panipat Petrochemical Complex,19.54,3.2,318362.2,0.018,0.8,14.0,32.0,20,0,0,0,0.15,8.0,UNLABELED
CLUSTER_091,Khavda Renewable Energy Park,19.54,2.45,177735.7,0.018,0.8,14.0,32.0,20,0,0,0,0.2,13.1,UNLABELED
CLUSTER_433,Unnamed Industrial Facility,19.54,2.33,549420.0,0.018,0.8,14.0,32.0,20,0,0,0,0.19,8.0,UNLABELED
CLUSTER_620,IOCL Panipat Petrochemical Complex,19.52,4.03,359970.7,0.018,0.8,14.0,32.0,20,0,0,0,0.19,8.0,UNLABELED
CLUSTER_257,NTPC Dadri Thermal Power Station,19.51,2.59,53974.6,0.018,0.8,14.0,32.0,20,0,0,0,0.18,8.0,MAINTENANCE_ACTIVITY
CLUSTER_812,HPCL Visakhapatnam Refinery,19.51,2.81,9145.6,0.018,0.8,14.0,32.0,20,0,0,0,0.18,13.3,UNLABELED
CLUSTER_481,BPCL Kochi Refinery (Ambalamugal),19.5,2.92,493627.9,0.018,0.8,14.0,32.0,20,0,0,0,0.17,8.0,UNLABELED
CLUSTER_612,IOCL Panipat Petrochemical Complex,19.5,3.1,330629.5,0.018,0.8,14.0,32.0,20,0,0,0,0.15,8.0,UNLABELED
CLUSTER_860,SAIL Bhilai Steel Plant,19.49,1.13,1692.0,0.018,0.8,14.0,32.0,20,0,0,0,0.05,8.0,UNLABELED
CLUSTER_474,BPCL Kochi Refinery (Ambalamugal),19.49,3.38,525533.3,0.018,0.8,14.0,32.0,20,0,0,0,0.2,8.0,UNLABELED
CLUSTER_157,SAIL Bhilai Steel Plant,19.49,3.88,240813.3,0.07,0.8,14.0,32.0,20,0,0,0,0.17,48.2,UNLABELED
CLUSTER_266,IOCL Panipat Petrochemical Complex,19.48,2.04,370581.2,0.018,0.8,14.0,32.0,20,0,0,0,0.1,8.0,UNLABELED
CLUSTER_421,Haldia Petrochemicals Complex,19.48,2.91,1001929.7,0.018,0.8,14.0,32.0,20,0,0,0,0.16,8.0,UNLABELED
CLUSTER_596,IOCL Panipat Petrochemical Complex,19.47,3.17,318228.6,0.018,0.8,14.0,32.0,20,0,0,0,0.15,8.0,UNLABELED
CLUSTER_644,IOCL Panipat Petrochemical Complex,19.46,2.24,471441.0,0.018,0.8,14.0,32.0,20,0,0,0,0.11,8.0,UNLABELED
CLUSTER_569,Unnamed Industrial Facility,19.46,2.73,157261.4,0.018,0.8,14.0,32.0,20,0,0,0,0.23,8.0,UNLABELED
CLUSTER_404,Haldia Petrochemicals Complex,19.45,3.59,810624.8,0.018,0.8,14.0,32.0,20,0,0,0,0.19,8.0,UNLABELED
CLUSTER_461,BPCL Kochi Refinery (Ambalamugal),19.44,4.04,450714.7,0.018,0.8,14.0,32.0,20,0,0,0,0.24,8.0,UNLABELED
CLUSTER_790,CPCL Manali Refinery Complex,19.44,2.88,102998.5,0.018,0.8,14.0,32.0,20,0,0,0,0.16,8.0,UNLABELED
CLUSTER_085,Unnamed Industrial Facility,19.43,3.81,156319.1,0.018,0.8,14.0,32.0,20,0,0,0,0.32,8.0,UNLABELED
CLUSTER_417,Haldia Petrochemicals Complex,19.43,2.59,1034939.6,0.018,0.8,14.0,32.0,20,0,0,0,0.14,8.0,UNLABELED
CLUSTER_400,Haldia Petrochemicals Complex,19.42,3.1,970081.8,0.018,0.8,14.0,32.0,20,0,0,0,0.17,8.0,UNLABELED
CLUSTER_368,IOCL Panipat Petrochemical Complex,19.41,2.09,375107.2,0.018,0.8,14.0,32.0,20,0,0,0,0.1,8.0,UNLABELED
CLUSTER_546,CPCL Manali Refinery Complex,19.41,2.3,372566.8,0.018,0.8,14.0,32.0,20,0,0,0,0.13,8.0,UNLABELED
CLUSTER_529,CPCL Manali Refinery Complex,19.41,3.2,93597.5,0.018,0.8,14.0,32.0,20,0,0,0,0.18,8.0,UNLABELED
CLUSTER_454,BPCL Kochi Refinery (Ambalamugal),19.4,2.73,453729.3,0.018,0.8,14.0,32.0,20,0,0,0,0.16,8.0,UNLABELED
CLUSTER_774,BPCL Kochi Refinery (Ambalamugal),19.4,3.54,468515.6,0.018,0.8,14.0,32.0,20,0,0,0,0.21,8.0,UNLABELED
CLUSTER_480,BPCL Kochi Refinery (Ambalamugal),19.39,3.22,489509.6,0.018,0.8,14.0,32.0,20,0,0,0,0.19,8.0,UNLABELED
CLUSTER_319,NTPC Dadri Thermal Power Station,19.39,3.88,226367.1,0.018,0.8,14.0,32.0,20,0,0,0,0.28,8.0,MAINTENANCE_ACTIVITY
CLUSTER_068,CPCL Manali Refinery Complex,19.39,2.42,86652.7,0.018,0.8,14.0,32.0,20,0,0,0,0.13,8.0,UNLABELED
CLUSTER_111,IOCL Panipat Petrochemical Complex,19.39,2.59,300380.3,0.018,0.8,14.0,32.0,20,0,0,0,0.12,8.0,UNLABELED
CLUSTER_185,SAIL Rourkela Steel Plant,19.39,2.77,310294.4,0.07,0.8,14.0,32.0,20,0,0,0,0.13,44.2,UNLABELED
CLUSTER_060,Haldia Petrochemicals Complex,19.39,2.98,1018366.8,0.018,0.8,14.0,32.0,20,0,0,0,0.16,8.0,UNLABELED
CLUSTER_629,IOCL Panipat Petrochemical Complex,19.39,2.91,323671.8,0.018,0.8,14.0,32.0,20,0,0,0,0.14,8.0,UNLABELED
CLUSTER_359,IOCL Panipat Petrochemical Complex,19.38,4.76,342328.1,0.018,0.8,14.0,32.0,20,0,0,0,0.23,8.0,UNLABELED
CLUSTER_397,Haldia Petrochemicals Complex,19.38,4.44,671785.3,0.018,0.8,14.0,32.0,20,0,0,0,0.24,8.0,UNLABELED
CLUSTER_120,IOCL Panipat Petrochemical Complex,19.38,1.89,375996.5,0.018,0.8,14.0,32.0,20,0,0,0,0.09,8.0,UNLABELED
CLUSTER_806,CPCL Manali Refinery Complex,19.38,1.91,368701.2,0.018,0.8,14.0,32.0,20,0,0,0,0.11,8.0,UNLABELED
CLUSTER_367,IOCL Panipat Petrochemical Complex,19.38,1.9,355766.3,0.018,0.8,14.0,32.0,20,0,0,0,0.09,8.0,UNLABELED
CLUSTER_609,IOCL Panipat Petrochemical Complex,19.38,2.8,334191.5,0.018,0.8,14.0,32.0,20,0,0,0,0.13,8.0,UNLABELED
CLUSTER_122,IOCL Panipat Petrochemical Complex,19.37,2.44,322501.0,0.018,0.8,14.0,32.0,20,0,0,0,0.12,8.0,UNLABELED
CLUSTER_587,NTPC Khavda,19.37,1.66,235497.8,0.018,0.8,14.0,32.0,20,0,0,0,0.14,8.0,UNLABELED
CLUSTER_788,MRPL Mangalore Refinery,19.37,3.06,213922.6,0.018,0.8,14.0,32.0,20,0,0,0,0.17,8.0,UNLABELED
CLUSTER_436,IOCL Panipat Petrochemical Complex,19.36,3.7,323955.4,0.018,0.8,14.0,32.0,20,0,0,0,0.18,8.0,UNLABELED
CLUSTER_572,Unnamed Industrial Facility,19.36,3.23,382158.9,0.018,0.8,14.0,32.0,20,0,0,0,0.27,8.0,UNLABELED
CLUSTER_146,SAIL Rourkela Steel Plant,19.36,3.7,159100.7,0.07,0.8,14.0,32.0,20,0,0,0,0.17,41.7,UNLABELED
CLUSTER_773,CPCL Manali Refinery Complex,19.35,3.67,492509.5,0.018,0.8,14.0,32.0,20,0,0,0,0.2,8.0,UNLABELED
CLUSTER_244,Unnamed Industrial Facility,19.35,2.7,183089.5,0.018,0.8,14.0,32.0,20,0,0,0,0.23,8.0,UNLABELED
CLUSTER_227,CPCL Manali Refinery Complex,19.35,2.76,550346.1,0.018,0.8,14.0,32.0,20,0,0,0,0.15,8.0,UNLABELED
CLUSTER_357,IOCL Panipat Petrochemical Complex,19.35,3.71,312493.9,0.018,0.8,14.0,32.0,20,0,0,0,0.18,8.0,UNLABELED
CLUSTER_113,IOCL Panipat Petrochemical Complex,19.34,2.33,274700.6,0.018,0.8,14.0,32.0,20,0,0,0,0.11,8.0,UNLABELED
CLUSTER_459,CPCL Manali Refinery Complex,19.34,3.9,575012.4,0.018,0.8,14.0,32.0,20,0,0,0,0.22,8.0,UNLABELED
CLUSTER_642,IOCL Panipat Petrochemical Complex,19.33,2.15,420934.2,0.018,0.8,14.0,32.0,20,0,0,0,0.1,8.0,UNLABELED
CLUSTER_778,BPCL Kochi Refinery (Ambalamugal),19.33,3.74,291594.2,0.018,0.8,14.0,32.0,20,0,0,0,0.22,8.0,UNLABELED
CLUSTER_793,CPCL Manali Refinery Complex,19.33,3.75,121002.1,0.018,0.8,14.0,32.0,20,0,0,0,0.21,8.0,UNLABELED
CLUSTER_451,Haldia Petrochemicals Complex,19.33,3.4,1085591.0,0.018,0.8,14.0,32.0,20,0,0,0,0.18,8.0,UNLABELED
CLUSTER_826,IOCL Panipat Petrochemical Complex,19.33,2.97,331239.3,0.018,0.8,14.0,32.0,20,0,0,0,0.14,8.0,UNLABELED
CLUSTER_387,NTPC Dadri Thermal Power Station,19.32,1.39,1843.3,0.018,0.8,14.0,32.0,20,0,0,0,0.1,14.5,MAINTENANCE_ACTIVITY
CLUSTER_228,BPCL Kochi Refinery (Ambalamugal),19.32,3.11,508362.5,0.018,0.8,14.0,32.0,20,0,0,0,0.18,8.0,UNLABELED
CLUSTER_173,Tata Steel Jamshedpur Works,19.32,3.41,109576.7,0.053,0.8,14.0,32.0,20,0,0,0,0.14,36.7,UNLABELED
CLUSTER_510,CPCL Manali Refinery Complex,19.32,3.23,421849.5,0.018,0.8,14.0,32.0,20,0,0,0,0.18,8.0,UNLABELED
CLUSTER_816,SAIL Bhilai Steel Plant,19.32,3.52,23145.1,0.018,0.8,14.0,32.0,20,0,0,0,0.15,8.0,UNLABELED
CLUSTER_808,CPCL Manali Refinery Complex,19.31,2.74,376011.4,0.018,0.8,14.0,32.0,20,0,0,0,0.15,8.0,UNLABELED
CLUSTER_262,NTPC Dadri Thermal Power Station,19.3,2.43,252824.8,0.018,0.8,14.0,32.0,20,0,0,0,0.17,8.0,MAINTENANCE_ACTIVITY
CLUSTER_564,SAIL Rourkela Steel Plant,19.3,3.5,139883.6,0.035,0.8,14.0,32.0,20,0,0,0,0.16,29.3,UNLABELED
CLUSTER_530,CPCL Manali Refinery Complex,19.29,3.08,214488.0,0.018,0.8,14.0,32.0,20,0,0,0,0.17,8.0,UNLABELED
CLUSTER_336,NTPC Dadri Thermal Power Station,19.28,1.4,46690.6,0.018,0.8,14.0,32.0,20,0,0,0,0.1,8.0,MAINTENANCE_ACTIVITY
CLUSTER_544,CPCL Manali Refinery Complex,19.27,1.61,258760.6,0.018,0.8,14.0,32.0,20,0,0,0,0.09,8.0,UNLABELED
CLUSTER_072,CPCL Manali Refinery Complex,19.27,3.34,302533.5,0.018,0.8,14.0,32.0,20,0,0,0,0.19,8.0,UNLABELED
CLUSTER_377,IOCL Panipat Petrochemical Complex,19.27,2.25,522323.1,0.018,0.8,14.0,32.0,20,0,0,0,0.11,8.0,UNLABELED
CLUSTER_323,IOCL Panipat Petrochemical Complex,19.27,2.25,290728.6,0.018,0.8,14.0,32.0,20,0,0,0,0.11,8.0,UNLABELED
CLUSTER_545,CPCL Manali Refinery Complex,19.26,1.45,314472.8,0.018,0.8,14.0,32.0,20,0,0,0,0.08,8.0,UNLABELED
CLUSTER_233,BPCL Kochi Refinery (Ambalamugal),19.26,2.92,188914.8,0.018,0.8,14.0,32.0,20,0,0,0,0.17,8.0,UNLABELED
CLUSTER_441,IOCL Panipat Petrochemical Complex,19.26,2.6,339453.9,0.018,0.8,14.0,32.0,20,0,0,0,0.12,8.0,UNLABELED
CLUSTER_753,Haldia Petrochemicals Complex,19.25,4.75,723600.6,0.018,0.8,14.0,32.0,20,0,0,0,0.26,8.0,UNLABELED
CLUSTER_798,CPCL Manali Refinery Complex,19.25,2.56,202305.6,0.018,0.8,14.0,32.0,20,0,0,0,0.14,8.0,UNLABELED
CLUSTER_374,IOCL Panipat Petrochemical Complex,19.25,3.52,284274.9,0.018,0.8,14.0,32.0,20,0,0,0,0.17,8.0,UNLABELED
CLUSTER_525,BPCL Kochi Refinery (Ambalamugal),19.25,3.27,242174.8,0.018,0.8,14.0,32.0,20,0,0,0,0.19,8.0,UNLABELED
CLUSTER_169,Tata Steel Jamshedpur Works,19.25,4.41,108055.6,0.053,0.8,14.0,32.0,20,0,0,0,0.18,37.1,UNLABELED
CLUSTER_785,BPCL Kochi Refinery (Ambalamugal),19.25,2.3,191883.2,0.018,0.8,14.0,32.0,20,0,0,0,0.14,8.0,UNLABELED
CLUSTER_318,Bhiwadi RIICO Industrial Cluster,19.24,1.24,174619.6,0.018,0.8,14.0,32.0,20,0,0,0,0.12,8.0,UNLABELED
CLUSTER_110,IOCL Panipat Petrochemical Complex,19.24,2.53,271189.6,0.018,0.8,14.0,32.0,20,0,0,0,0.12,8.0,UNLABELED
CLUSTER_786,BPCL Kochi Refinery (Ambalamugal),19.24,2.01,239795.4,0.018,0.8,14.0,32.0,20,0,0,0,0.12,8.0,UNLABELED
CLUSTER_611,IOCL Panipat Petrochemical Complex,19.22,2.54,315540.1,0.018,0.8,14.0,32.0,20,0,0,0,0.12,8.0,UNLABELED
CLUSTER_837,Tata Steel Jamshedpur Works,19.21,3.41,122048.1,0.018,0.8,14.0,32.0,20,0,0,0,0.14,14.9,UNLABELED
CLUSTER_824,Unnamed Industrial Facility,19.2,2.37,340760.2,0.018,0.8,14.0,32.0,20,0,0,0,0.2,8.0,UNLABELED
CLUSTER_764,CPCL Manali Refinery Complex,19.19,2.32,542147.8,0.018,0.8,14.0,32.0,20,0,0,0,0.13,8.0,UNLABELED
CLUSTER_416,Haldia Petrochemicals Complex,19.19,2.3,1037669.9,0.018,0.8,14.0,32.0,20,0,0,0,0.12,8.0,UNLABELED
CLUSTER_575,Unnamed Industrial Facility,19.18,1.78,190939.0,0.018,0.8,14.0,32.0,20,0,0,0,0.15,8.0,UNLABELED
CLUSTER_570,Unnamed Industrial Facility,19.18,1.91,185971.3,0.018,0.8,14.0,32.0,20,0,0,0,0.16,8.0,UNLABELED
CLUSTER_498,BPCL Kochi Refinery (Ambalamugal),19.18,2.17,165644.9,0.018,0.8,14.0,32.0,20,0,0,0,0.13,8.0,UNLABELED
CLUSTER_554,SAIL Bhilai Steel Plant,19.18,2.57,412063.8,0.018,0.8,14.0,32.0,20,0,0,0,0.11,8.0,UNLABELED
CLUSTER_617,IOCL Panipat Petrochemical Complex,19.17,2.74,304072.9,0.018,0.8,14.0,32.0,20,0,0,0,0.13,8.0,UNLABELED
CLUSTER_076,CPCL Manali Refinery Complex,19.17,2.78,413006.5,0.018,0.8,14.0,32.0,20,0,0,0,0.15,8.0,UNLABELED
CLUSTER_083,Unnamed Industrial Facility,19.16,2.56,149460.0,0.018,0.8,14.0,32.0,20,0,0,0,0.21,8.0,UNLABELED
CLUSTER_097,NTPC Dadri Thermal Power Station,19.15,1.51,31777.6,0.018,0.8,14.0,32.0,20,0,0,0,0.11,8.0,MAINTENANCE_ACTIVITY
CLUSTER_639,IOCL Panipat Petrochemical Complex,19.15,2.64,380649.1,0.018,0.8,14.0,32.0,20,0,0,0,0.13,8.0,UNLABELED
CLUSTER_126,IOCL Panipat Petrochemical Complex,19.15,2.64,528572.5,0.018,0.8,14.0,32.0,20,0,0,0,0.13,8.0,UNLABELED
CLUSTER_548,CPCL Manali Refinery Complex,19.15,1.41,418141.5,0.018,0.8,14.0,32.0,20,0,0,0,0.08,8.0,UNLABELED
CLUSTER_551,Rasayani Petrochemical Complex,19.14,2.13,252813.8,0.018,0.8,14.0,32.0,20,0,0,0,0.18,8.0,UNLABELED
CLUSTER_828,IOCL Panipat Petrochemical Complex,19.14,2.13,383744.7,0.018,0.8,14.0,32.0,20,0,0,0,0.1,8.0,UNLABELED
CLUSTER_547,CPCL Manali Refinery Complex,19.14,1.89,405620.5,0.018,0.8,14.0,32.0,20,0,0,0,0.1,8.0,UNLABELED
CLUSTER_582,Unnamed Industrial Facility,19.12,1.92,290063.8,0.018,0.8,14.0,32.0,20,0,0,0,0.16,8.0,UNLABELED
CLUSTER_604,IOCL Panipat Petrochemical Complex,19.11,1.97,290389.1,0.018,0.8,14.0,32.0,20,0,0,0,0.09,8.0,UNLABELED
CLUSTER_643,IOCL Panipat Petrochemical Complex,19.1,2.05,416306.2,0.018,0.8,14.0,32.0,20,0,0,0,0.1,8.0,UNLABELED
CLUSTER_077,CPCL Manali Refinery Complex,19.1,2.67,392072.9,0.018,0.8,14.0,32.0,20,0,0,0,0.15,8.0,UNLABELED
CLUSTER_776,BPCL Kochi Refinery (Ambalamugal),19.09,2.56,398115.6,0.018,0.8,14.0,32.0,20,0,0,0,0.15,8.0,UNLABELED
CLUSTER_625,IOCL Panipat Petrochemical Complex,19.08,2.82,372918.6,0.018,0.8,14.0,32.0,20,0,0,0,0.13,8.0,UNLABELED
CLUSTER_794,CPCL Manali Refinery Complex,19.07,2.61,164698.2,0.018,0.8,14.0,32.0,20,0,0,0,0.14,8.0,UNLABELED
CLUSTER_259,NTPC Dadri Thermal Power Station,19.06,2.71,120015.7,0.018,0.8,14.0,32.0,20,0,0,0,0.19,8.0,MAINTENANCE_ACTIVITY
CLUSTER_260,NTPC Dadri Thermal Power Station,19.05,1.76,21909.8,0.018,0.8,14.0,32.0,20,0,0,0,0.13,8.0,MAINTENANCE_ACTIVITY
CLUSTER_599,IOCL Panipat Petrochemical Complex,19.04,2.41,609002.3,0.018,0.8,14.0,32.0,20,0,0,0,0.11,8.0,UNLABELED
CLUSTER_320,IOCL Panipat Petrochemical Complex,19.04,2.46,37344.3,0.018,0.8,14.0,32.0,20,0,0,0,0.12,8.0,UNLABELED
CLUSTER_618,IOCL Panipat Petrochemical Complex,19.04,2.4,324193.2,0.018,0.8,14.0,32.0,20,0,0,0,0.11,8.0,UNLABELED
CLUSTER_422,BPCL Kochi Refinery (Ambalamugal),19.04,2.07,468240.5,0.018,0.8,14.0,32.0,20,0,0,0,0.12,8.0,UNLABELED
CLUSTER_101,IOCL Panipat Petrochemical Complex,19.03,2.2,249704.7,0.018,0.8,14.0,32.0,20,0,0,0,0.1,8.0,UNLABELED
CLUSTER_586,Unnamed Industrial Facility,19.02,2.41,328591.3,0.018,0.8,14.0,32.0,20,0,0,0,0.2,8.0,UNLABELED
CLUSTER_634,IOCL Panipat Petrochemical Complex,19.01,1.46,348210.0,0.018,0.8,14.0,32.0,20,0,0,0,0.07,8.0,UNLABELED
CLUSTER_579,Unnamed Industrial Facility,18.99,1.77,218189.5,0.018,0.8,14.0,32.0,20,0,0,0,0.15,8.0,UNLABELED
CLUSTER_178,Tata Steel Jamshedpur Works,18.98,3.77,111684.1,0.053,0.8,14.0,32.0,20,0,0,0,0.16,41.0,UNLABELED
CLUSTER_577,Unnamed Industrial Facility,18.98,1.45,170053.9,0.018,0.8,14.0,32.0,20,0,0,0,0.12,8.0,UNLABELED
CLUSTER_542,MRPL Mangalore Refinery,18.98,2.36,311876.0,0.018,0.8,14.0,32.0,20,0,0,0,0.13,13.1,UNLABELED
CLUSTER_061,Haldia Petrochemicals Complex,18.98,2.43,959631.5,0.018,0.8,14.0,32.0,20,0,0,0,0.13,8.0,UNLABELED
CLUSTER_821,Haldia Petrochemicals Complex,18.97,2.38,756281.3,0.018,0.8,14.0,32.0,20,0,0,0,0.13,8.0,UNLABELED
CLUSTER_434,Unnamed Industrial Facility,18.95,1.86,635279.4,0.018,0.8,14.0,32.0,20,0,0,0,0.15,8.0,UNLABELED
CLUSTER_580,Unnamed Industrial Facility,18.95,1.96,281660.3,0.018,0.8,14.0,32.0,20,0,0,0,0.16,8.0,UNLABELED
CLUSTER_619,IOCL Panipat Petrochemical Complex,18.95,1.95,311357.6,0.018,0.8,14.0,32.0,20,0,0,0,0.09,8.0,UNLABELED
CLUSTER_275,IOCL Panipat Petrochemical Complex,18.94,2.21,518272.8,0.018,0.8,14.0,32.0,20,0,0,0,0.11,8.0,UNLABELED
CLUSTER_598,IOCL Panipat Petrochemical Complex,18.92,1.44,296222.4,0.018,0.8,14.0,32.0,20,0,0,0,0.07,8.0,UNLABELED
CLUSTER_316,IOCL Mathura Refinery,18.91,1.66,73650.6,0.018,0.8,14.0,32.0,20,0,0,0,0.1,8.0,UNLABELED
CLUSTER_088,Unnamed Industrial Facility,18.91,2.2,216396.4,0.018,0.8,14.0,32.0,20,0,0,0,0.18,8.0,UNLABELED
CLUSTER_087,Unnamed Industrial Facility,18.91,2.13,202158.8,0.018,0.8,14.0,32.0,20,0,0,0,0.18,8.0,UNLABELED
CLUSTER_755,Haldia Petrochemicals Complex,18.9,3.44,966893.7,0.018,0.8,14.0,32.0,20,0,0,0,0.19,8.0,UNLABELED
CLUSTER_058,Haldia Petrochemicals Complex,18.88,2.36,968599.4,0.018,0.8,14.0,32.0,20,0,0,0,0.13,8.0,UNLABELED
CLUSTER_218,Haldia Petrochemicals Complex,18.88,1.85,932798.8,0.018,0.8,14.0,32.0,20,0,0,0,0.1,8.0,UNLABELED
CLUSTER_059,Haldia Petrochemicals Complex,18.85,2.52,984905.7,0.018,0.8,14.0,32.0,20,0,0,0,0.14,8.0,UNLABELED
CLUSTER_419,Haldia Petrochemicals Complex,18.83,2.05,1037390.8,0.018,0.8,14.0,32.0,20,0,0,0,0.11,8.0,UNLABELED
CLUSTER_328,Unnamed Industrial Facility,18.83,0.91,17251.2,0.018,0.8,14.0,32.0,20,0,0,0,0.08,8.0,UNLABELED
CLUSTER_117,IOCL Panipat Petrochemical Complex,18.83,1.73,297512.0,0.018,0.8,14.0,32.0,20,0,0,0,0.08,8.0,UNLABELED
CLUSTER_079,CPCL Manali Refinery Complex,18.8,0.81,509063.1,0.018,0.8,14.0,32.0,20,0,0,0,0.05,8.0,UNLABELED
CLUSTER_154,SAIL Bhilai Steel Plant,18.77,2.08,179113.0,0.053,0.8,14.0,32.0,20,0,0,0,0.09,23.8,UNLABELED
CLUSTER_022,Unnamed Industrial Facility,18.77,0.9,20823.3,0.018,0.8,14.0,32.0,20,0,0,0,0.07,8.0,UNLABELED
CLUSTER_819,Haldia Petrochemicals Complex,18.76,2.74,994422.8,0.018,0.8,14.0,32.0,20,0,0,0,0.15,8.0,UNLABELED
CLUSTER_807,CPCL Manali Refinery Complex,18.75,1.42,372935.5,0.018,0.8,14.0,32.0,20,0,0,0,0.08,8.0,UNLABELED
CLUSTER_095,Bhiwadi RIICO Industrial Cluster,18.75,1.22,178235.1,0.018,0.8,14.0,32.0,20,0,0,0,0.12,8.0,UNLABELED
CLUSTER_444,Haldia Petrochemicals Complex,18.74,1.8,693181.4,0.018,0.8,14.0,32.0,20,0,0,0,0.1,8.0,UNLABELED
CLUSTER_568,Unnamed Industrial Facility,18.74,1.44,154796.4,0.018,0.8,14.0,32.0,20,0,0,0,0.12,8.0,UNLABELED
CLUSTER_084,Unnamed Industrial Facility,18.74,1.18,145837.8,0.018,0.8,14.0,32.0,20,0,0,0,0.1,8.0,UNLABELED
CLUSTER_232,BPCL Kochi Refinery (Ambalamugal),18.74,1.5,232651.0,0.018,0.8,14.0,32.0,20,0,0,0,0.09,8.0,UNLABELED
CLUSTER_526,MRPL Mangalore Refinery,18.7,1.13,231022.0,0.018,0.8,14.0,32.0,20,0,0,0,0.06,8.0,UNLABELED
CLUSTER_571,Unnamed Industrial Facility,18.7,1.17,188051.7,0.018,0.8,14.0,32.0,20,0,0,0,0.1,8.0,UNLABELED
CLUSTER_647,IOCL Panipat Petrochemical Complex,18.67,0.47,597844.8,0.018,0.8,14.0,32.0,20,0,0,0,0.02,8.0,UNLABELED
CLUSTER_030,Unnamed Industrial Facility,18.66,1.45,2298.2,0.018,0.8,14.0,32.0,20,0,0,0,0.12,8.0,UNLABELED
CLUSTER_746,BPCL Kochi Refinery (Ambalamugal),18.65,2.45,145044.6,0.018,0.8,14.0,32.0,20,0,0,0,0.14,15.6,UNLABELED
CLUSTER_292,Unnamed Industrial Facility,18.65,2.06,2593.5,0.018,0.8,14.0,32.0,20,0,0,0,0.17,8.0,UNLABELED
CLUSTER_585,Unnamed Industrial Facility,18.63,1.0,233524.4,0.018,0.8,14.0,32.0,20,0,0,0,0.08,8.0,UNLABELED
CLUSTER_327,IOCL Panipat Petrochemical Complex,18.63,3.56,522193.9,0.018,0.8,14.0,32.0,20,0,0,0,0.17,8.0,UNLABELED
CLUSTER_754,Haldia Petrochemicals Complex,18.62,1.92,996226.1,0.018,0.8,14.0,32.0,20,0,0,0,0.1,8.0,UNLABELED
CLUSTER_358,IOCL Panipat Petrochemical Complex,18.61,2.42,195105.6,0.018,0.8,14.0,32.0,20,0,0,0,0.12,8.0,UNLABELED
CLUSTER_705,Tata Steel Jamshedpur Works,18.58,1.69,137057.4,0.035,0.8,14.0,32.0,20,0,0,0,0.07,15.5,UNLABELED
CLUSTER_182,Tata Steel Jamshedpur Works,18.55,3.39,113087.6,0.053,0.8,14.0,32.0,20,0,0,0,0.14,36.0,UNLABELED
CLUSTER_164,Tata Steel Jamshedpur Works,18.48,3.9,100716.1,0.053,0.8,14.0,32.0,20,0,0,0,0.16,47.2,UNLABELED
CLUSTER_141,MIDC Tarapur Industrial Area,18.42,1.85,144886.7,0.018,0.8,14.0,32.0,20,0,0,0,0.18,8.0,UNLABELED
CLUSTER_311,CPCL Manali Refinery Complex,18.31,1.88,427035.4,0.018,0.8,14.0,32.0,20,0,0,0,0.1,8.0,UNLABELED
CLUSTER_659,IOCL Paradip Refinery Complex,18.31,2.47,147511.3,0.035,0.8,14.0,32.0,20,0,0,0,0.12,25.4,UNLABELED
CLUSTER_827,IOCL Panipat Petrochemical Complex,18.28,1.66,382214.6,0.018,0.8,14.0,32.0,20,0,0,0,0.08,8.0,UNLABELED
CLUSTER_833,IOCL Panipat Petrochemical Complex,18.18,2.9,640867.9,0.018,0.8,14.0,32.0,20,0,0,0,0.14,16.5,UNLABELED
CLUSTER_295,Tata Steel Jamshedpur Works,18.17,2.44,137642.3,0.053,0.8,14.0,32.0,20,0,0,0,0.1,34.1,UNLABELED
CLUSTER_825,IOCL Panipat Petrochemical Complex,18.13,1.63,319145.3,0.018,0.8,14.0,32.0,20,0,0,0,0.08,8.0,UNLABELED
CLUSTER_168,Tata Steel Jamshedpur Works,18.07,2.4,105572.8,0.053,0.8,14.0,32.0,20,0,0,0,0.1,38.2,UNLABELED
CLUSTER_425,Unnamed Industrial Facility,18.04,1.51,4759.2,0.018,0.8,14.0,32.0,20,0,0,0,0.13,8.0,UNLABELED
CLUSTER_690,SAIL Rourkela Steel Plant,17.97,3.05,156752.7,0.035,0.8,14.0,32.0,20,0,0,0,0.14,28.2,UNLABELED
CLUSTER_013,Unnamed Industrial Facility,17.93,0.63,2645.4,0.018,0.8,14.0,32.0,20,0,0,0,0.05,8.0,UNLABELED
CLUSTER_149,SAIL Rourkela Steel Plant,17.81,2.69,116289.4,0.07,0.8,14.0,32.0,20,0,0,0,0.12,41.5,UNLABELED
CLUSTER_737,HPCL Visakhapatnam Refinery,17.71,2.84,260669.7,0.035,0.8,14.0,32.0,20,0,0,0,0.18,15.5,UNLABELED
CLUSTER_348,Unnamed Industrial Facility,17.69,2.6,464629.7,0.053,0.8,14.0,32.0,20,0,0,0,0.22,30.6,UNLABELED
CLUSTER_174,Tata Steel Jamshedpur Works,17.64,2.27,110969.4,0.053,0.8,14.0,32.0,20,0,0,0,0.09,31.8,UNLABELED
CLUSTER_143,Unnamed Industrial Facility,17.62,1.73,6549.4,0.035,0.8,14.0,32.0,20,0,0,0,0.14,15.5,UNLABELED
CLUSTER_678,SAIL Rourkela Steel Plant,17.54,2.41,100717.8,0.035,0.8,14.0,32.0,20,0,0,0,0.11,15.5,UNLABELED
CLUSTER_216,SAIL Bhilai Steel Plant,17.49,2.97,249604.1,0.053,0.8,14.0,32.0,20,0,0,0,0.13,37.8,UNLABELED
CLUSTER_831,Haldia Petrochemicals Complex,17.48,0.81,957915.3,0.018,0.8,14.0,32.0,20,0,0,0,0.04,8.0,UNLABELED
CLUSTER_187,Unnamed Industrial Facility,17.41,2.7,89302.4,0.07,0.8,14.0,32.0,20,0,0,0,0.23,35.2,UNLABELED
CLUSTER_729,MRPL Mangalore Refinery,17.39,1.7,323724.3,0.018,0.8,14.0,32.0,20,0,0,0,0.1,8.0,UNLABELED
CLUSTER_193,IOCL Mathura Refinery,17.37,1.69,197294.0,0.07,0.8,14.0,32.0,20,0,0,0,0.1,39.3,UNLABELED
CLUSTER_201,NTPC Dadri Thermal Power Station,17.32,1.64,39279.6,0.035,0.8,14.0,32.0,20,0,0,0,0.12,24.7,MAINTENANCE_ACTIVITY
CLUSTER_751,CPCL Manali Refinery Complex,17.31,3.57,30788.8,0.018,0.8,14.0,32.0,20,0,0,0,0.2,8.0,UNLABELED
CLUSTER_701,Tata Steel Jamshedpur Works,17.3,1.84,16812.9,0.035,0.8,14.0,32.0,20,0,0,0,0.08,15.5,UNLABELED
CLUSTER_657,SAIL Bhilai Steel Plant,17.24,2.05,251571.6,0.035,0.8,14.0,32.0,20,0,0,0,0.09,15.5,UNLABELED
CLUSTER_650,Haldia Petrochemicals Complex,17.22,2.18,931687.7,0.018,0.8,14.0,32.0,20,0,0,0,0.12,14.8,UNLABELED
CLUSTER_166,Tata Steel Jamshedpur Works,17.21,3.0,131530.8,0.053,0.8,14.0,32.0,20,0,0,0,0.12,36.3,UNLABELED
CLUSTER_851,HPCL Visakhapatnam Refinery,17.17,2.12,30886.2,0.018,0.8,14.0,32.0,20,0,0,0,0.13,8.0,UNLABELED
CLUSTER_291,SAIL Rourkela Steel Plant,17.17,2.55,141507.2,0.053,0.8,14.0,32.0,20,0,0,0,0.12,23.8,UNLABELED
CLUSTER_302,Rasayani Petrochemical Complex,17.17,1.87,114599.2,0.018,0.8,14.0,32.0,20,0,0,0,0.16,8.0,UNLABELED
CLUSTER_856,IOCL Paradip Refinery Complex,17.13,2.81,92875.3,0.018,0.8,14.0,32.0,20,0,0,0,0.14,8.0,UNLABELED
CLUSTER_139,IOCL Panipat Petrochemical Complex,17.08,1.72,693924.7,0.053,0.8,14.0,32.0,20,0,0,0,0.08,37.0,UNLABELED
CLUSTER_693,SAIL Bhilai Steel Plant,17.01,2.2,174872.1,0.035,0.8,14.0,32.0,20,0,0,0,0.1,26.7,UNLABELED
CLUSTER_712,SAIL Rourkela Steel Plant,17.0,1.28,310824.0,0.035,0.8,14.0,32.0,20,0,0,0,0.06,20.8,UNLABELED
CLUSTER_687,SAIL Rourkela Steel Plant,16.99,2.74,160368.7,0.035,0.8,14.0,32.0,20,0,0,0,0.12,20.7,UNLABELED
CLUSTER_303,CPCL Manali Refinery Complex,16.98,1.15,211620.6,0.035,0.8,14.0,32.0,20,0,0,0,0.06,15.5,UNLABELED
CLUSTER_739,SAIL Bhilai Steel Plant,16.97,2.52,333627.1,0.035,0.8,14.0,32.0,20,0,0,0,0.11,21.0,UNLABELED
CLUSTER_898,CPCL Manali Refinery Complex,16.96,4.93,318959.4,0.018,0.8,14.0,32.0,20,0,0,0,0.27,8.0,UNLABELED
CLUSTER_386,Unnamed Industrial Facility,16.95,1.9,413060.9,0.018,0.8,14.0,32.0,20,0,0,0,0.16,8.0,UNLABELED
CLUSTER_722,MRPL Mangalore Refinery,16.95,1.11,314340.6,0.018,0.8,14.0,32.0,20,0,0,0,0.06,8.0,UNLABELED
CLUSTER_341,SAIL Rourkela Steel Plant,16.93,1.76,145982.0,0.053,0.8,14.0,32.0,20,0,0,0,0.08,29.9,UNLABELED
CLUSTER_171,Tata Steel Jamshedpur Works,16.92,1.97,113248.1,0.053,0.8,14.0,32.0,20,0,0,0,0.08,34.6,UNLABELED
CLUSTER_300,Unnamed Industrial Facility,16.92,2.99,173908.4,0.035,0.8,14.0,32.0,20,0,0,0,0.25,22.6,UNLABELED
CLUSTER_215,SAIL Bhilai Steel Plant,16.91,1.45,224481.9,0.035,0.8,14.0,32.0,20,0,0,0,0.06,15.5,UNLABELED
CLUSTER_713,SAIL Rourkela Steel Plant,16.9,1.59,315627.4,0.035,0.8,14.0,32.0,20,0,0,0,0.07,20.6,UNLABELED
CLUSTER_720,MRPL Mangalore Refinery,16.9,1.8,312488.7,0.018,0.8,14.0,32.0,20,0,0,0,0.1,13.4,UNLABELED
CLUSTER_686,SAIL Rourkela Steel Plant,16.89,1.64,140138.1,0.035,0.8,14.0,32.0,20,0,0,0,0.07,15.5,UNLABELED
CLUSTER_148,SAIL Bhilai Steel Plant,16.87,1.77,160863.9,0.053,0.8,14.0,32.0,20,0,0,0,0.08,33.5,UNLABELED
CLUSTER_393,Rasayani Petrochemical Complex,16.85,1.49,25971.6,0.053,0.8,14.0,32.0,20,0,0,0,0.12,29.7,UNLABELED
CLUSTER_214,SAIL Bhilai Steel Plant,16.84,1.97,222253.9,0.053,0.8,14.0,32.0,20,0,0,0,0.09,33.7,UNLABELED
CLUSTER_747,CPCL Manali Refinery Complex,16.83,3.27,253428.2,0.018,0.8,14.0,32.0,20,0,0,0,0.18,8.0,UNLABELED
CLUSTER_197,Bhiwadi RIICO Industrial Cluster,16.82,1.89,91425.7,0.035,0.8,14.0,32.0,20,0,0,0,0.19,15.5,UNLABELED
CLUSTER_180,Tata Steel Jamshedpur Works,16.81,2.3,112094.6,0.053,0.8,14.0,32.0,20,0,0,0,0.1,33.5,UNLABELED
CLUSTER_158,Tata Steel Jamshedpur Works,16.77,3.08,124639.2,0.053,0.8,14.0,32.0,20,0,0,0,0.13,29.1,UNLABELED
CLUSTER_697,Tata Steel Jamshedpur Works,16.77,1.38,38020.7,0.035,0.8,14.0,32.0,20,0,0,0,0.06,15.5,UNLABELED
CLUSTER_213,Unnamed Industrial Facility,16.74,0.61,205317.9,0.018,0.8,14.0,32.0,20,0,0,0,0.05,8.0,UNLABELED
CLUSTER_176,Tata Steel Jamshedpur Works,16.72,2.04,111373.7,0.053,0.8,14.0,32.0,20,0,0,0,0.09,31.5,UNLABELED
CLUSTER_338,Bhiwadi RIICO Industrial Cluster,16.71,1.46,55071.2,0.035,0.8,14.0,32.0,20,0,0,0,0.15,20.6,UNLABELED
CLUSTER_343,Unnamed Industrial Facility,16.71,1.47,133969.2,0.07,0.8,14.0,32.0,20,0,0,0,0.12,36.9,UNLABELED
CLUSTER_669,SAIL Bhilai Steel Plant,16.68,1.83,37172.9,0.035,0.8,14.0,32.0,20,0,0,0,0.08,15.5,UNLABELED
CLUSTER_137,IOCL Panipat Petrochemical Complex,16.68,2.99,543489.7,0.07,0.8,14.0,32.0,20,0,0,0,0.14,39.5,UNLABELED
CLUSTER_870,SAIL Rourkela Steel Plant,16.66,1.24,47922.9,0.018,0.8,14.0,32.0,20,0,0,0,0.06,8.0,UNLABELED
CLUSTER_745,BPCL Kochi Refinery (Ambalamugal),16.62,3.56,205632.8,0.018,0.8,14.0,32.0,20,0,0,0,0.21,8.0,UNLABELED
CLUSTER_390,Rasayani Petrochemical Complex,16.61,2.37,26822.4,0.053,0.8,14.0,32.0,20,0,0,0,0.2,33.8,UNLABELED
CLUSTER_655,Tata Steel Jamshedpur Works,16.61,1.71,723250.6,0.035,0.8,14.0,32.0,20,0,0,0,0.07,15.5,UNLABELED
CLUSTER_892,SAIL Rourkela Steel Plant,16.6,1.26,166814.2,0.018,0.8,14.0,32.0,20,0,0,0,0.06,8.0,UNLABELED
CLUSTER_353,Khavda Renewable Energy Park,16.57,1.04,139708.7,0.018,0.8,14.0,32.0,20,0,0,0,0.09,8.0,UNLABELED
CLUSTER_695,Tata Steel Jamshedpur Works,16.54,2.86,95069.3,0.035,0.8,14.0,32.0,20,0,0,0,0.12,27.7,UNLABELED
CLUSTER_209,SAIL Bhilai Steel Plant,16.52,1.38,278789.5,0.053,0.8,14.0,32.0,20,0,0,0,0.06,23.8,UNLABELED
CLUSTER_700,Tata Steel Jamshedpur Works,16.52,1.85,11432.5,0.035,0.8,14.0,32.0,20,0,0,0,0.08,15.5,UNLABELED
CLUSTER_131,Tata Steel Jamshedpur Works,16.51,3.12,110092.1,0.035,0.8,14.0,32.0,20,0,0,0,0.13,21.9,UNLABELED
CLUSTER_194,IOCL Mathura Refinery,16.5,1.19,80738.2,0.018,0.8,14.0,32.0,20,0,0,0,0.07,8.0,UNLABELED
CLUSTER_867,SAIL Rourkela Steel Plant,16.48,1.68,99617.8,0.018,0.8,14.0,32.0,20,0,0,0,0.08,8.0,UNLABELED
CLUSTER_132,Tata Steel Jamshedpur Works,16.48,1.61,162156.2,0.053,0.8,14.0,32.0,20,0,0,0,0.07,30.0,UNLABELED
CLUSTER_288,Haldia Petrochemicals Complex,16.46,2.92,869828.6,0.053,0.8,14.0,32.0,20,0,0,0,0.16,37.1,UNLABELED
CLUSTER_335,Bhiwadi RIICO Industrial Cluster,16.46,0.95,3678.0,0.018,0.8,14.0,32.0,20,0,0,0,0.1,8.0,UNLABELED
CLUSTER_850,HPCL Visakhapatnam Refinery,16.44,1.59,275683.6,0.018,0.8,14.0,32.0,20,0,0,0,0.1,8.0,UNLABELED
CLUSTER_196,Unnamed Industrial Facility,16.44,2.81,261653.5,0.053,0.8,14.0,32.0,20,0,0,0,0.23,30.0,UNLABELED
CLUSTER_879,SAIL Rourkela Steel Plant,16.43,1.8,11085.3,0.018,0.8,14.0,32.0,20,0,0,0,0.08,8.0,UNLABELED
CLUSTER_290,IOCL Panipat Petrochemical Complex,16.43,2.76,634902.3,0.053,0.8,14.0,32.0,20,0,0,0,0.13,31.5,UNLABELED
CLUSTER_653,Haldia Petrochemicals Complex,16.41,2.12,385545.8,0.018,0.8,14.0,32.0,20,0,0,0,0.11,8.0,UNLABELED
CLUSTER_181,Tata Steel Jamshedpur Works,16.4,2.03,129382.5,0.053,0.8,14.0,32.0,20,0,0,0,0.08,30.1,UNLABELED
CLUSTER_651,Haldia Petrochemicals Complex,16.4,1.27,941333.3,0.035,0.8,14.0,32.0,20,0,0,0,0.07,20.7,UNLABELED
CLUSTER_136,IOCL Panipat Petrochemical Complex,16.4,2.67,405230.5,0.018,0.8,14.0,32.0,20,0,0,0,0.13,8.0,UNLABELED
CLUSTER_735,Rasayani Petrochemical Complex,16.4,1.37,465766.3,0.035,0.8,14.0,32.0,20,0,0,0,0.11,15.5,UNLABELED
CLUSTER_748,CPCL Manali Refinery Complex,16.39,1.64,199444.8,0.018,0.8,14.0,32.0,20,0,0,0,0.09,8.0,UNLABELED
CLUSTER_681,SAIL Rourkela Steel Plant,16.39,1.75,111369.8,0.035,0.8,14.0,32.0,20,0,0,0,0.08,15.5,UNLABELED
CLUSTER_682,SAIL Bhilai Steel Plant,16.39,1.24,96396.3,0.035,0.8,14.0,32.0,20,0,0,0,0.05,15.5,UNLABELED
CLUSTER_208,MRPL Mangalore Refinery,16.38,1.44,309526.1,0.053,0.8,14.0,32.0,20,0,0,0,0.08,30.4,UNLABELED
CLUSTER_668,SAIL Bhilai Steel Plant,16.37,1.4,34185.4,0.035,0.8,14.0,32.0,20,0,0,0,0.06,15.5,UNLABELED
CLUSTER_855,HPCL Visakhapatnam Refinery,16.36,2.48,258000.5,0.018,0.8,14.0,32.0,20,0,0,0,0.15,8.0,UNLABELED
CLUSTER_298,Unnamed Industrial Facility,16.36,2.49,89169.1,0.07,0.8,14.0,32.0,20,0,0,0,0.21,33.7,UNLABELED
CLUSTER_342,SAIL Rourkela Steel Plant,16.34,1.36,120345.0,0.053,0.8,14.0,32.0,20,0,0,0,0.06,29.7,UNLABELED
CLUSTER_707,SAIL Rourkela Steel Plant,16.34,2.19,168710.3,0.035,0.8,14.0,32.0,20,0,0,0,0.1,25.1,UNLABELED
CLUSTER_282,Bhiwadi RIICO Industrial Cluster,16.33,1.55,55022.5,0.018,0.8,14.0,32.0,20,0,0,0,0.15,8.0,UNLABELED
CLUSTER_839,Tata Steel Jamshedpur Works,16.32,1.42,105622.2,0.018,0.8,14.0,32.0,20,0,0,0,0.06,8.0,UNLABELED
CLUSTER_192,IOCL Mathura Refinery,16.31,1.04,202376.9,0.018,0.8,14.0,32.0,20,0,0,0,0.06,8.0,UNLABELED
CLUSTER_838,Tata Steel Jamshedpur Works,16.31,1.65,137553.6,0.018,0.8,14.0,32.0,20,0,0,0,0.07,8.0,UNLABELED
CLUSTER_900,HPCL Visakhapatnam Refinery,16.31,2.27,255397.9,0.018,0.8,14.0,32.0,20,0,0,0,0.14,8.0,UNLABELED
CLUSTER_287,Haldia Petrochemicals Complex,16.31,2.27,888858.4,0.053,0.8,14.0,32.0,20,0,0,0,0.12,31.5,UNLABELED
CLUSTER_654,NTPC Dadri Thermal Power Station,16.3,1.24,48127.6,0.018,0.8,14.0,32.0,20,0,0,0,0.09,8.0,MAINTENANCE_ACTIVITY
CLUSTER_886,Tata Steel Jamshedpur Works,16.3,2.24,91760.6,0.018,0.8,14.0,32.0,20,0,0,0,0.09,8.0,UNLABELED
CLUSTER_699,Tata Steel Jamshedpur Works,16.3,2.24,10967.0,0.018,0.8,14.0,32.0,20,0,0,0,0.09,8.0,UNLABELED
CLUSTER_161,Tata Steel Jamshedpur Works,16.3,1.62,119648.5,0.053,0.8,14.0,32.0,20,0,0,0,0.07,30.0,UNLABELED
CLUSTER_167,Tata Steel Jamshedpur Works,16.29,0.96,102076.5,0.018,0.8,14.0,32.0,20,0,0,0,0.04,8.0,UNLABELED
CLUSTER_666,SAIL Bhilai Steel Plant,16.29,1.3,26215.8,0.035,0.8,14.0,32.0,20,0,0,0,0.06,21.0,UNLABELED
CLUSTER_685,SAIL Rourkela Steel Plant,16.28,1.21,100768.5,0.035,0.8,14.0,32.0,20,0,0,0,0.06,15.5,UNLABELED
CLUSTER_743,BPCL Kochi Refinery (Ambalamugal),16.26,0.85,176708.4,0.018,0.8,14.0,32.0,20,0,0,0,0.05,8.0,UNLABELED
CLUSTER_716,CPCL Manali Refinery Complex,16.26,2.02,92417.6,0.018,0.8,14.0,32.0,20,0,0,0,0.11,8.0,UNLABELED
CLUSTER_384,Unnamed Industrial Facility,16.25,2.03,30910.7,0.018,0.8,14.0,32.0,20,0,0,0,0.17,8.0,UNLABELED
CLUSTER_875,SAIL Rourkela Steel Plant,16.25,1.12,63329.7,0.018,0.8,14.0,32.0,20,0,0,0,0.05,8.0,UNLABELED
CLUSTER_717,CPCL Manali Refinery Complex,16.25,1.78,241107.7,0.018,0.8,14.0,32.0,20,0,0,0,0.1,8.0,UNLABELED
CLUSTER_834,Tata Steel Jamshedpur Works,16.24,2.01,133122.2,0.018,0.8,14.0,32.0,20,0,0,0,0.08,8.0,UNLABELED
CLUSTER_841,Tata Steel Jamshedpur Works,16.22,1.34,109384.3,0.018,0.8,14.0,32.0,20,0,0,0,0.06,8.0,UNLABELED
CLUSTER_688,SAIL Rourkela Steel Plant,16.22,1.93,52942.9,0.035,0.8,14.0,32.0,20,0,0,0,0.09,15.5,UNLABELED
CLUSTER_184,Tata Steel Jamshedpur Works,16.21,1.89,135660.5,0.053,0.8,14.0,32.0,20,0,0,0,0.08,23.8,UNLABELED
CLUSTER_662,SAIL Rourkela Steel Plant,16.21,1.87,140399.6,0.035,0.8,14.0,32.0,20,0,0,0,0.09,26.5,UNLABELED
CLUSTER_885,Tata Steel Jamshedpur Works,16.2,1.4,141541.6,0.018,0.8,14.0,32.0,20,0,0,0,0.06,8.0,UNLABELED
CLUSTER_694,Haldia Petrochemicals Complex,16.2,1.83,87419.8,0.035,0.8,14.0,32.0,20,0,0,0,0.1,15.5,UNLABELED
CLUSTER_667,SAIL Bhilai Steel Plant,16.2,1.15,25670.3,0.035,0.8,14.0,32.0,20,0,0,0,0.05,15.5,UNLABELED
CLUSTER_853,HPCL Visakhapatnam Refinery,16.2,1.84,10840.2,0.018,0.8,14.0,32.0,20,0,0,0,0.12,8.0,UNLABELED
CLUSTER_179,Tata Steel Jamshedpur Works,16.2,1.86,127647.6,0.053,0.8,14.0,32.0,20,0,0,0,0.08,23.8,UNLABELED
CLUSTER_652,Haldia Petrochemicals Complex,16.19,1.81,1257134.7,0.035,0.8,14.0,32.0,20,0,0,0,0.1,21.7,UNLABELED
CLUSTER_890,SAIL Rourkela Steel Plant,16.19,0.87,160486.8,0.018,0.8,14.0,32.0,20,0,0,0,0.04,8.0,UNLABELED
CLUSTER_352,Unnamed Industrial Facility,16.18,1.77,47965.6,0.035,0.8,14.0,32.0,20,0,0,0,0.15,15.5,UNLABELED
CLUSTER_854,HPCL Visakhapatnam Refinery,16.17,1.72,9837.2,0.018,0.8,14.0,32.0,20,0,0,0,0.11,8.0,UNLABELED
CLUSTER_147,SAIL Rourkela Steel Plant,16.16,1.68,115860.3,0.07,0.8,14.0,32.0,20,0,0,0,0.08,35.8,UNLABELED
CLUSTER_689,SAIL Rourkela Steel Plant,16.16,1.67,155741.4,0.035,0.8,14.0,32.0,20,0,0,0,0.08,15.5,UNLABELED
CLUSTER_665,SAIL Bhilai Steel Plant,16.16,1.66,180671.2,0.035,0.8,14.0,32.0,20,0,0,0,0.07,23.4,UNLABELED
CLUSTER_887,Tata Steel Jamshedpur Works,16.15,1.62,103251.3,0.018,0.8,14.0,32.0,20,0,0,0,0.07,8.0,UNLABELED
CLUSTER_142,Unnamed Industrial Facility,16.15,1.05,136066.0,0.018,0.8,14.0,32.0,20,0,0,0,0.09,8.0,UNLABELED
CLUSTER_297,SAIL Rourkela Steel Plant,16.15,1.65,313321.9,0.053,0.8,14.0,32.0,20,0,0,0,0.07,30.3,UNLABELED
CLUSTER_684,SAIL Rourkela Steel Plant,16.14,1.58,108458.4,0.035,0.8,14.0,32.0,20,0,0,0,0.07,15.5,UNLABELED
CLUSTER_189,Tata Steel Jamshedpur Works,16.13,1.29,277910.3,0.035,0.8,14.0,32.0,20,0,0,0,0.05,15.5,UNLABELED
CLUSTER_878,SAIL Rourkela Steel Plant,16.13,1.14,32281.0,0.018,0.8,14.0,32.0,20,0,0,0,0.05,8.0,UNLABELED
CLUSTER_840,Tata Steel Jamshedpur Works,16.13,1.56,106761.3,0.018,0.8,14.0,32.0,20,0,0,0,0.07,8.0,UNLABELED
CLUSTER_698,Tata Steel Jamshedpur Works,16.13,1.55,34216.3,0.018,0.8,14.0,32.0,20,0,0,0,0.06,8.0,UNLABELED
CLUSTER_880,Haldia Petrochemicals Complex,16.13,1.57,73740.6,0.018,0.8,14.0,32.0,20,0,0,0,0.08,8.0,UNLABELED
CLUSTER_676,SAIL Bhilai Steel Plant,16.12,1.53,90242.6,0.018,0.8,14.0,32.0,20,0,0,0,0.07,8.0,UNLABELED
CLUSTER_334,Bhiwadi RIICO Industrial Cluster,16.12,1.3,38655.5,0.018,0.8,14.0,32.0,20,0,0,0,0.13,8.0,UNLABELED
CLUSTER_391,Rasayani Petrochemical Complex,16.12,0.76,81432.5,0.018,0.8,14.0,32.0,20,0,0,0,0.06,8.0,UNLABELED
CLUSTER_692,SAIL Bhilai Steel Plant,16.12,1.51,172988.1,0.035,0.8,14.0,32.0,20,0,0,0,0.07,15.5,UNLABELED
CLUSTER_188,Unnamed Industrial Facility,16.12,1.39,98909.8,0.035,0.8,14.0,32.0,20,0,0,0,0.12,15.5,UNLABELED
CLUSTER_728,MRPL Mangalore Refinery,16.11,1.47,312595.5,0.018,0.8,14.0,32.0,20,0,0,0,0.08,8.0,UNLABELED
CLUSTER_284,Bhiwadi RIICO Industrial Cluster,16.11,1.49,63468.3,0.018,0.8,14.0,32.0,20,0,0,0,0.15,8.0,UNLABELED
CLUSTER_881,Tata Steel Jamshedpur Works,16.11,1.47,36480.7,0.018,0.8,14.0,32.0,20,0,0,0,0.06,8.0,UNLABELED
CLUSTER_135,IOCL Panipat Petrochemical Complex,16.1,1.42,204729.3,0.07,0.8,14.0,32.0,20,0,0,0,0.07,36.8,UNLABELED
CLUSTER_205,Unnamed Industrial Facility,16.1,1.44,677662.9,0.053,0.8,14.0,32.0,20,0,0,0,0.12,29.4,UNLABELED
CLUSTER_140,IOCL Panipat Petrochemical Complex,16.1,1.44,620131.7,0.035,0.8,14.0,32.0,20,0,0,0,0.07,15.5,UNLABELED
CLUSTER_899,MRPL Mangalore Refinery,16.08,1.33,423688.1,0.018,0.8,14.0,32.0,20,0,0,0,0.08,8.0,UNLABELED
CLUSTER_703,Tata Steel Jamshedpur Works,16.08,1.22,133345.4,0.035,0.8,14.0,32.0,20,0,0,0,0.05,15.5,UNLABELED
CLUSTER_200,NTPC Dadri Thermal Power Station,16.07,1.32,38767.4,0.035,0.8,14.0,32.0,20,0,0,0,0.09,15.5,MAINTENANCE_ACTIVITY
CLUSTER_723,MRPL Mangalore Refinery,16.07,1.3,312413.5,0.018,0.8,14.0,32.0,20,0,0,0,0.07,8.0,UNLABELED
CLUSTER_144,SAIL Bhilai Steel Plant,16.07,1.3,25318.7,0.018,0.8,14.0,32.0,20,0,0,0,0.06,8.0,UNLABELED
CLUSTER_195,SAIL Rourkela Steel Plant,16.07,1.31,531569.1,0.035,0.8,14.0,32.0,20,0,0,0,0.06,21.1,UNLABELED
CLUSTER_347,Unnamed Industrial Facility,16.06,1.25,194907.5,0.035,0.8,14.0,32.0,20,0,0,0,0.1,15.5,UNLABELED
CLUSTER_191,Unnamed Industrial Facility,16.06,1.29,230849.4,0.018,0.8,14.0,32.0,20,0,0,0,0.11,8.0,UNLABELED
CLUSTER_734,Rasayani Petrochemical Complex,16.06,1.27,450994.9,0.018,0.8,14.0,32.0,20,0,0,0,0.11,8.0,UNLABELED
CLUSTER_733,HPCL Visakhapatnam Refinery,16.06,1.26,366722.8,0.018,0.8,14.0,32.0,20,0,0,0,0.08,8.0,UNLABELED
CLUSTER_858,IOCL Paradip Refinery Complex,16.05,1.21,100158.5,0.018,0.8,14.0,32.0,20,0,0,0,0.06,8.0,UNLABELED
CLUSTER_849,Haldia Petrochemicals Complex,16.05,1.23,928905.0,0.018,0.8,14.0,32.0,20,0,0,0,0.07,8.0,UNLABELED
CLUSTER_848,NTPC Dadri Thermal Power Station,16.05,1.22,40610.5,0.018,0.8,14.0,32.0,20,0,0,0,0.09,8.0,MAINTENANCE_ACTIVITY
CLUSTER_857,IOCL Paradip Refinery Complex,16.05,1.23,100544.1,0.018,0.8,14.0,32.0,20,0,0,0,0.06,8.0,UNLABELED
CLUSTER_691,SAIL Rourkela Steel Plant,16.05,1.24,52882.2,0.035,0.8,14.0,32.0,20,0,0,0,0.06,15.5,UNLABELED
CLUSTER_708,Tata Steel Jamshedpur Works,16.04,1.19,138618.3,0.035,0.8,14.0,32.0,20,0,0,0,0.05,15.5,UNLABELED
CLUSTER_379,NTPC Dadri Thermal Power Station,16.04,1.19,128179.4,0.018,0.8,14.0,32.0,20,0,0,0,0.08,8.0,MAINTENANCE_ACTIVITY
CLUSTER_677,SAIL Bhilai Steel Plant,16.04,1.18,105282.2,0.035,0.8,14.0,32.0,20,0,0,0,0.05,15.5,UNLABELED
CLUSTER_742,SAIL Bhilai Steel Plant,16.04,1.19,272662.3,0.018,0.8,14.0,32.0,20,0,0,0,0.05,8.0,UNLABELED
CLUSTER_901,HPCL Visakhapatnam Refinery,16.03,1.09,354027.9,0.018,0.8,14.0,32.0,20,0,0,0,0.07,8.0,UNLABELED
CLUSTER_736,Rasayani Petrochemical Complex,16.03,1.13,466620.0,0.018,0.8,14.0,32.0,20,0,0,0,0.09,8.0,UNLABELED
CLUSTER_138,IOCL Panipat Petrochemical Complex,16.03,1.16,538942.7,0.035,0.8,14.0,32.0,20,0,0,0,0.06,15.5,UNLABELED
CLUSTER_719,CPCL Manali Refinery Complex,16.03,0.89,285775.0,0.018,0.8,14.0,32.0,20,0,0,0,0.05,8.0,UNLABELED
CLUSTER_281,Haldia Petrochemicals Complex,16.02,1.12,841871.8,0.018,0.8,14.0,32.0,20,0,0,0,0.06,8.0,UNLABELED
CLUSTER_296,SAIL Rourkela Steel Plant,16.02,1.12,314226.3,0.053,0.8,14.0,32.0,20,0,0,0,0.05,23.8,UNLABELED
CLUSTER_286,Tata Steel Jamshedpur Works,16.02,1.12,747273.6,0.053,0.8,14.0,32.0,20,0,0,0,0.05,23.8,UNLABELED
CLUSTER_152,SAIL Bhilai Steel Plant,16.02,1.12,130457.1,0.035,0.8,14.0,32.0,20,0,0,0,0.05,15.5,UNLABELED
CLUSTER_211,SAIL Bhilai Steel Plant,16.02,1.1,289260.6,0.018,0.8,14.0,32.0,20,0,0,0,0.05,8.0,UNLABELED
CLUSTER_868,SAIL Rourkela Steel Plant,16.01,1.05,100123.0,0.018,0.8,14.0,32.0,20,0,0,0,0.05,8.0,UNLABELED
CLUSTER_206,BPCL Kochi Refinery (Ambalamugal),16.01,1.05,230275.1,0.053,0.8,14.0,32.0,20,0,0,0,0.06,23.8,UNLABELED
CLUSTER_671,SAIL Bhilai Steel Plant,16.01,1.04,55839.3,0.018,0.8,14.0,32.0,20,0,0,0,0.05,8.0,UNLABELED
CLUSTER_660,IOCL Paradip Refinery Complex,16.01,1.04,144006.6,0.035,0.8,14.0,32.0,20,0,0,0,0.05,15.5,UNLABELED
CLUSTER_683,SAIL Rourkela Steel Plant,16.01,1.07,84810.4,0.035,0.8,14.0,32.0,20,0,0,0,0.05,15.5,UNLABELED
CLUSTER_289,IOCL Panipat Petrochemical Complex,16.01,1.05,701967.0,0.035,0.8,14.0,32.0,20,0,0,0,0.05,15.5,UNLABELED
CLUSTER_172,Tata Steel Jamshedpur Works,16.01,1.04,111714.2,0.018,0.8,14.0,32.0,20,0,0,0,0.04,8.0,UNLABELED
CLUSTER_204,IOCL Panipat Petrochemical Complex,16.01,1.07,6502.6,0.018,0.8,14.0,32.0,20,0,0,0,0.05,8.0,UNLABELED
CLUSTER_186,Unnamed Industrial Facility,16.0,1.03,105407.5,0.018,0.8,14.0,32.0,20,0,0,0,0.09,8.0,UNLABELED
CLUSTER_380,Haldia Petrochemicals Complex,16.0,1.01,950134.7,0.018,0.8,14.0,32.0,20,0,0,0,0.05,8.0,UNLABELED
CLUSTER_866,SAIL Rourkela Steel Plant,16.0,1.0,119267.7,0.018,0.8,14.0,32.0,20,0,0,0,0.05,8.0,UNLABELED
CLUSTER_888,Tata Steel Jamshedpur Works,16.0,1.03,129790.1,0.018,0.8,14.0,32.0,20,0,0,0,0.04,8.0,UNLABELED
CLUSTER_664,SAIL Bhilai Steel Plant,15.99,0.99,17064.0,0.018,0.8,14.0,32.0,20,0,0,0,0.04,8.0,UNLABELED
CLUSTER_725,MRPL Mangalore Refinery,15.98,0.96,321067.4,0.018,0.8,14.0,32.0,20,0,0,0,0.05,8.0,UNLABELED
CLUSTER_392,Rasayani Petrochemical Complex,15.98,0.96,73758.3,0.018,0.8,14.0,32.0,20,0,0,0,0.08,8.0,UNLABELED
CLUSTER_842,Tata Steel Jamshedpur Works,15.98,0.87,112241.4,0.018,0.8,14.0,32.0,20,0,0,0,0.04,8.0,UNLABELED
CLUSTER_738,Rasayani Petrochemical Complex,15.98,0.96,145300.2,0.018,0.8,14.0,32.0,20,0,0,0,0.08,8.0,UNLABELED
CLUSTER_385,Unnamed Industrial Facility,15.98,0.95,306780.5,0.018,0.8,14.0,32.0,20,0,0,0,0.08,8.0,UNLABELED
CLUSTER_732,CPCL Manali Refinery Complex,15.98,0.93,341231.0,0.018,0.8,14.0,32.0,20,0,0,0,0.05,8.0,UNLABELED
CLUSTER_726,MRPL Mangalore Refinery,15.98,0.96,344267.7,0.018,0.8,14.0,32.0,20,0,0,0,0.05,8.0,UNLABELED
CLUSTER_721,MRPL Mangalore Refinery,15.98,0.94,293552.1,0.018,0.8,14.0,32.0,20,0,0,0,0.05,8.0,UNLABELED
CLUSTER_869,SAIL Rourkela Steel Plant,15.98,0.91,140923.9,0.018,0.8,14.0,32.0,20,0,0,0,0.04,8.0,UNLABELED
CLUSTER_658,SAIL Bhilai Steel Plant,15.98,0.95,304749.6,0.018,0.8,14.0,32.0,20,0,0,0,0.04,8.0,UNLABELED
CLUSTER_896,SAIL Rourkela Steel Plant,15.98,0.93,179507.0,0.018,0.8,14.0,32.0,20,0,0,0,0.04,8.0,UNLABELED
CLUSTER_895,SAIL Rourkela Steel Plant,15.97,0.88,178128.2,0.018,0.8,14.0,32.0,20,0,0,0,0.04,8.0,UNLABELED
CLUSTER_159,Tata Steel Jamshedpur Works,15.97,0.88,94555.7,0.018,0.8,14.0,32.0,20,0,0,0,0.04,8.0,UNLABELED
CLUSTER_346,IOCL Panipat Petrochemical Complex,15.97,0.89,685273.5,0.018,0.8,14.0,32.0,20,0,0,0,0.04,8.0,UNLABELED
CLUSTER_674,SAIL Bhilai Steel Plant,15.97,0.9,79324.5,0.018,0.8,14.0,32.0,20,0,0,0,0.04,8.0,UNLABELED
CLUSTER_661,SAIL Rourkela Steel Plant,15.97,0.92,148232.9,0.018,0.8,14.0,32.0,20,0,0,0,0.04,8.0,UNLABELED
CLUSTER_882,Tata Steel Jamshedpur Works,15.96,0.87,16505.6,0.018,0.8,14.0,32.0,20,0,0,0,0.04,8.0,UNLABELED
CLUSTER_382,IOCL Panipat Petrochemical Complex,15.96,0.86,892552.9,0.018,0.8,14.0,32.0,20,0,0,0,0.04,8.0,UNLABELED
CLUSTER_283,Bhiwadi RIICO Industrial Cluster,15.96,0.85,59226.9,0.053,0.8,14.0,32.0,20,0,0,0,0.08,23.8,UNLABELED
CLUSTER_897,SAIL Bhilai Steel Plant,15.95,0.83,349392.2,0.018,0.8,14.0,32.0,20,0,0,0,0.04,8.0,UNLABELED
CLUSTER_202,NTPC Dadri Thermal Power Station,15.95,0.81,8485.4,0.018,0.8,14.0,32.0,20,0,0,0,0.06,8.0,MAINTENANCE_ACTIVITY
CLUSTER_203,IOCL Panipat Petrochemical Complex,15.95,0.82,114426.8,0.018,0.8,14.0,32.0,20,0,0,0,0.04,8.0,UNLABELED
CLUSTER_861,SAIL Bhilai Steel Plant,15.95,0.8,34467.6,0.018,0.8,14.0,32.0,20,0,0,0,0.03,8.0,UNLABELED
CLUSTER_709,Tata Steel Jamshedpur Works,15.95,0.82,153954.5,0.035,0.8,14.0,32.0,20,0,0,0,0.03,15.5,UNLABELED
CLUSTER_675,SAIL Bhilai Steel Plant,15.95,0.81,64505.0,0.018,0.8,14.0,32.0,20,0,0,0,0.04,8.0,UNLABELED
CLUSTER_862,SAIL Bhilai Steel Plant,15.94,0.78,34271.5,0.018,0.8,14.0,32.0,20,0,0,0,0.03,8.0,UNLABELED
CLUSTER_383,IOCL Panipat Petrochemical Complex,15.94,0.79,891241.7,0.018,0.8,14.0,32.0,20,0,0,0,0.04,8.0,UNLABELED
CLUSTER_871,SAIL Rourkela Steel Plant,15.94,0.76,52794.6,0.018,0.8,14.0,32.0,20,0,0,0,0.03,8.0,UNLABELED
CLUSTER_656,IOCL Panipat Petrochemical Complex,15.94,0.76,356698.5,0.018,0.8,14.0,32.0,20,0,0,0,0.04,8.0,UNLABELED
CLUSTER_730,MRPL Mangalore Refinery,15.94,0.78,300105.5,0.018,0.8,14.0,32.0,20,0,0,0,0.04,8.0,UNLABELED
CLUSTER_744,BPCL Kochi Refinery (Ambalamugal),15.94,0.78,120064.5,0.018,0.8,14.0,32.0,20,0,0,0,0.05,8.0,UNLABELED
CLUSTER_852,HPCL Visakhapatnam Refinery,15.94,0.76,310240.7,0.018,0.8,14.0,32.0,20,0,0,0,0.05,8.0,UNLABELED
CLUSTER_294,Tata Steel Jamshedpur Works,15.94,0.76,136294.8,0.018,0.8,14.0,32.0,20,0,0,0,0.03,8.0,UNLABELED
CLUSTER_670,SAIL Bhilai Steel Plant,15.93,0.66,35383.2,0.018,0.8,14.0,32.0,20,0,0,0,0.03,8.0,UNLABELED
CLUSTER_710,SAIL Bhilai Steel Plant,15.93,0.74,325893.8,0.018,0.8,14.0,32.0,20,0,0,0,0.03,8.0,UNLABELED
CLUSTER_718,CPCL Manali Refinery Complex,15.93,0.74,305198.4,0.018,0.8,14.0,32.0,20,0,0,0,0.04,8.0,UNLABELED
CLUSTER_714,SAIL Rourkela Steel Plant,15.93,0.74,314077.5,0.035,0.8,14.0,32.0,20,0,0,0,0.03,15.5,UNLABELED
CLUSTER_830,Haldia Petrochemicals Complex,15.93,0.71,933118.5,0.018,0.8,14.0,32.0,20,0,0,0,0.04,8.0,UNLABELED
CLUSTER_673,SAIL Bhilai Steel Plant,15.93,0.72,56570.8,0.018,0.8,14.0,32.0,20,0,0,0,0.03,8.0,UNLABELED
CLUSTER_894,Tata Steel Jamshedpur Works,15.93,0.74,131656.5,0.018,0.8,14.0,32.0,20,0,0,0,0.03,8.0,UNLABELED
CLUSTER_339,NTPC Dadri Thermal Power Station,15.93,0.75,131247.0,0.018,0.8,14.0,32.0,20,0,0,0,0.05,8.0,MAINTENANCE_ACTIVITY
CLUSTER_845,Tata Steel Jamshedpur Works,15.92,0.7,132743.3,0.018,0.8,14.0,32.0,20,0,0,0,0.03,8.0,UNLABELED
CLUSTER_301,CPCL Manali Refinery Complex,15.92,0.68,290152.2,0.018,0.8,14.0,32.0,20,0,0,0,0.04,8.0,UNLABELED
CLUSTER_741,SAIL Bhilai Steel Plant,15.92,0.7,280467.5,0.018,0.8,14.0,32.0,20,0,0,0,0.03,8.0,UNLABELED
CLUSTER_872,SAIL Rourkela Steel Plant,15.92,0.68,88791.4,0.018,0.8,14.0,32.0,20,0,0,0,0.03,8.0,UNLABELED
CLUSTER_832,Haldia Petrochemicals Complex,15.92,0.69,1351954.7,0.018,0.8,14.0,32.0,20,0,0,0,0.04,8.0,UNLABELED
CLUSTER_844,Tata Steel Jamshedpur Works,15.91,0.65,121970.8,0.018,0.8,14.0,32.0,20,0,0,0,0.03,8.0,UNLABELED
CLUSTER_304,IOCL Panipat Petrochemical Complex,15.91,0.65,667596.3,0.018,0.8,14.0,32.0,20,0,0,0,0.03,8.0,UNLABELED
CLUSTER_750,CPCL Manali Refinery Complex,15.91,0.65,15059.6,0.018,0.8,14.0,32.0,20,0,0,0,0.04,8.0,UNLABELED
CLUSTER_873,SAIL Rourkela Steel Plant,15.91,0.64,160006.5,0.018,0.8,14.0,32.0,20,0,0,0,0.03,8.0,UNLABELED
CLUSTER_130,Haldia Petrochemicals Complex,15.9,0.61,502986.2,0.035,0.8,14.0,32.0,20,0,0,0,0.03,15.5,UNLABELED
CLUSTER_210,SAIL Bhilai Steel Plant,15.9,0.61,302874.2,0.018,0.8,14.0,32.0,20,0,0,0,0.03,8.0,UNLABELED
CLUSTER_199,NTPC Dadri Thermal Power Station,15.9,0.61,43404.1,0.035,0.8,14.0,32.0,20,0,0,0,0.04,15.5,MAINTENANCE_ACTIVITY
CLUSTER_207,MRPL Mangalore Refinery,15.9,0.6,295414.9,0.018,0.8,14.0,32.0,20,0,0,0,0.03,8.0,UNLABELED
CLUSTER_863,SAIL Bhilai Steel Plant,15.9,0.6,52918.0,0.018,0.8,14.0,32.0,20,0,0,0,0.03,8.0,UNLABELED
CLUSTER_889,Tata Steel Jamshedpur Works,15.9,0.63,117710.9,0.018,0.8,14.0,32.0,20,0,0,0,0.03,8.0,UNLABELED
CLUSTER_672,SAIL Bhilai Steel Plant,15.9,0.62,52247.7,0.035,0.8,14.0,32.0,20,0,0,0,0.03,15.5,UNLABELED
CLUSTER_389,Rasayani Petrochemical Complex,15.9,0.62,277348.8,0.018,0.8,14.0,32.0,20,0,0,0,0.05,8.0,UNLABELED
CLUSTER_711,SAIL Rourkela Steel Plant,15.89,0.59,306939.3,0.018,0.8,14.0,32.0,20,0,0,0,0.03,8.0,UNLABELED
CLUSTER_731,MRPL Mangalore Refinery,15.89,0.55,303774.4,0.018,0.8,14.0,32.0,20,0,0,0,0.03,8.0,UNLABELED
CLUSTER_337,NTPC Dadri Thermal Power Station,15.89,0.57,7613.9,0.018,0.8,14.0,32.0,20,0,0,0,0.04,8.0,MAINTENANCE_ACTIVITY
CLUSTER_864,SAIL Bhilai Steel Plant,15.89,0.59,65400.9,0.018,0.8,14.0,32.0,20,0,0,0,0.03,8.0,UNLABELED
CLUSTER_349,IOCL Panipat Petrochemical Complex,15.89,0.58,291638.4,0.018,0.8,14.0,32.0,20,0,0,0,0.03,8.0,UNLABELED
CLUSTER_333,Haldia Petrochemicals Complex,15.89,0.55,677668.5,0.018,0.8,14.0,32.0,20,0,0,0,0.03,8.0,UNLABELED
CLUSTER_843,Tata Steel Jamshedpur Works,15.89,0.59,112690.2,0.018,0.8,14.0,32.0,20,0,0,0,0.02,8.0,UNLABELED
CLUSTER_345,BPCL Kochi Refinery (Ambalamugal),15.89,0.56,264791.3,0.018,0.8,14.0,32.0,20,0,0,0,0.03,8.0,UNLABELED
CLUSTER_340,IOCL Panipat Petrochemical Complex,15.89,0.55,125490.9,0.018,0.8,14.0,32.0,20,0,0,0,0.03,8.0,UNLABELED
CLUSTER_749,CPCL Manali Refinery Complex,15.88,0.52,188551.2,0.018,0.8,14.0,32.0,20,0,0,0,0.03,8.0,UNLABELED
CLUSTER_865,SAIL Rourkela Steel Plant,15.88,0.51,101610.9,0.018,0.8,14.0,32.0,20,0,0,0,0.02,8.0,UNLABELED
CLUSTER_876,SAIL Rourkela Steel Plant,15.88,0.54,50723.5,0.018,0.8,14.0,32.0,20,0,0,0,0.02,8.0,UNLABELED
CLUSTER_706,Tata Steel Jamshedpur Works,15.88,0.53,132534.3,0.035,0.8,14.0,32.0,20,0,0,0,0.02,15.5,UNLABELED
CLUSTER_874,SAIL Rourkela Steel Plant,15.87,0.5,158431.8,0.018,0.8,14.0,32.0,20,0,0,0,0.02,8.0,UNLABELED
CLUSTER_836,Tata Steel Jamshedpur Works,15.87,0.5,114125.6,0.018,0.8,14.0,32.0,20,0,0,0,0.02,8.0,UNLABELED
CLUSTER_285,Bhiwadi RIICO Industrial Cluster,15.87,0.47,63790.1,0.018,0.8,14.0,32.0,20,0,0,0,0.05,8.0,UNLABELED
CLUSTER_891,Tata Steel Jamshedpur Works,15.87,0.47,131515.2,0.018,0.8,14.0,32.0,20,0,0,0,0.02,8.0,UNLABELED
CLUSTER_846,SAIL Rourkela Steel Plant,15.87,0.47,391542.4,0.018,0.8,14.0,32.0,20,0,0,0,0.02,8.0,UNLABELED
CLUSTER_133,IOCL Panipat Petrochemical Complex,15.86,0.46,136420.6,0.018,0.8,14.0,32.0,20,0,0,0,0.02,8.0,UNLABELED
CLUSTER_715,SAIL Bhilai Steel Plant,15.86,0.44,340679.8,0.018,0.8,14.0,32.0,20,0,0,0,0.02,8.0,UNLABELED
CLUSTER_903,IOCL Panipat Petrochemical Complex,15.86,0.44,562404.4,0.018,0.8,14.0,32.0,20,0,0,0,0.02,8.0,UNLABELED
CLUSTER_877,SAIL Rourkela Steel Plant,15.86,0.43,56177.3,0.018,0.8,14.0,32.0,20,0,0,0,0.02,8.0,UNLABELED
CLUSTER_680,SAIL Bhilai Steel Plant,15.85,0.41,156036.3,0.018,0.8,14.0,32.0,20,0,0,0,0.02,8.0,UNLABELED
CLUSTER_893,Tata Steel Jamshedpur Works,15.85,0.41,128006.8,0.018,0.8,14.0,32.0,20,0,0,0,0.02,8.0,UNLABELED
CLUSTER_299,SAIL Rourkela Steel Plant,15.84,0.37,308437.3,0.018,0.8,14.0,32.0,20,0,0,0,0.02,8.0,UNLABELED
CLUSTER_177,Tata Steel Jamshedpur Works,15.84,0.36,110582.3,0.018,0.8,14.0,32.0,20,0,0,0,0.01,8.0,UNLABELED
CLUSTER_134,IOCL Panipat Petrochemical Complex,15.83,0.33,204017.2,0.018,0.8,14.0,32.0,20,0,0,0,0.02,8.0,UNLABELED
CLUSTER_649,Haldia Petrochemicals Complex,15.83,0.33,694204.0,0.018,0.8,14.0,32.0,20,0,0,0,0.02,8.0,UNLABELED
CLUSTER_165,Tata Steel Jamshedpur Works,15.83,0.34,99901.7,0.018,0.8,14.0,32.0,20,0,0,0,0.01,8.0,UNLABELED
CLUSTER_740,MIDC Taloja Chemical Zone,15.82,0.28,8196.7,0.018,0.8,14.0,32.0,20,0,0,0,0.02,8.0,UNLABELED
CLUSTER_847,Haldia Petrochemicals Complex,15.82,0.29,922018.3,0.018,0.8,14.0,32.0,20,0,0,0,0.02,8.0,UNLABELED
CLUSTER_344,BPCL Kochi Refinery (Ambalamugal),15.81,0.23,135254.2,0.018,0.8,14.0,32.0,20,0,0,0,0.01,8.0,UNLABELED
CLUSTER_835,Tata Steel Jamshedpur Works,15.8,0.22,116306.4,0.018,0.8,14.0,32.0,20,0,0,0,0.01,8.0,UNLABELED
CLUSTER_884,Unnamed Industrial Facility,15.29,0.68,4418.9,0.018,0.8,14.0,32.0,20,0,0,0,0.06,8.0,UNLABELED
